date,Ticker,Timeframe,Close,High,Low,Open,Volume,aVWAP_peak_877,aVWAP_peak_810,aVWAP_peak_788,aVWAP_peak_737,aVWAP_peak_680,aVWAP_peak_641,aVWAP_peak_640,aVWAP_peak_599,aVWAP_peak_580,aVWAP_peak_561,aVWAP_peak_546,aVWAP_peak_532,aVWAP_peak_521,aVWAP_peak_498,aVWAP_peak_462,aVWAP_peak_418,aVWAP_peak_392,aVWAP_peak_352,aVWAP_peak_273,aVWAP_peak_238,aVWAP_peak_173,aVWAP_peak_157,aVWAP_peak_143,aVWAP_peak_125,aVWAP_peak_106,aVWAP_peak_93,aVWAP_peak_53,aVWAP_peak_27,aVWAP_valley_855,aVWAP_valley_819,aVWAP_valley_798,aVWAP_valley_759,aVWAP_valley_696,aVWAP_valley_675,aVWAP_valley_649,aVWAP_valley_623,aVWAP_valley_612,aVWAP_valley_564,aVWAP_valley_554,aVWAP_valley_527,aVWAP_valley_512,aVWAP_valley_456,aVWAP_valley_409,aVWAP_valley_377,aVWAP_valley_330,aVWAP_valley_298,aVWAP_valley_242,aVWAP_valley_213,aVWAP_valley_183,aVWAP_valley_132,aVWAP_valley_114,aVWAP_valley_98,aVWAP_valley_80,aVWAP_valley_36,aVWAP_valley_14,aVWAP_OB_bull_798,aVWAP_OB_bull_564,aVWAP_OB_bull_527,aVWAP_OB_bull_456,aVWAP_OB_bear_810,aVWAP_OB_bear_737,aVWAP_OB_bear_418,aVWAP_OB_bear_273,aVWAP_OB_bear_157,aVWAP_OB_bear_106,Peaks_Valleys_avg,Peaks_avg,Valleys_avg,color,StDev,StDev_Mean,StdDev_ZScore,QQEMOD,QQE1_Value,QQE1_Above_Upper,QQE1_Below_Lower,QQE2_Above_Threshold,QQE2_Below_Threshold,QQE2_Above_TL,banker_RSI,SMA_200,OB,OB_High,OB_Low,OB_Mitigated_Index,TTM_squeeze_Active,VI_plus,VI_minus,VI_Regular_Bullish,VI_Regular_Bearish,VI_Hidden_Bullish,VI_Hidden_Bearish,Fisher,Fisher_Signal,Fisher_Regular_Bullish,Fisher_Regular_Bearish,Fisher_Hidden_Bullish,Fisher_Hidden_Bearish,OBV,OBV_Smoothed,OBV_Regular_Bullish,OBV_Regular_Bearish,OBV_Hidden_Bullish,OBV_Hidden_Bearish,Volume_MA,Vol_Regular_Bullish,Vol_Regular_Bearish,Vol_Hidden_Bullish,Vol_Hidden_Bearish,aVWAP_peak_847,aVWAP_peak_809,aVWAP_peak_792,aVWAP_peak_770,aVWAP_peak_755,aVWAP_peak_730,aVWAP_peak_715,aVWAP_peak_702,aVWAP_peak_670,aVWAP_peak_636,aVWAP_peak_620,aVWAP_peak_606,aVWAP_peak_565,aVWAP_peak_501,aVWAP_peak_490,aVWAP_peak_449,aVWAP_peak_430,aVWAP_peak_399,aVWAP_peak_363,aVWAP_peak_324,aVWAP_peak_276,aVWAP_peak_252,aVWAP_peak_230,aVWAP_peak_217,aVWAP_peak_155,aVWAP_peak_121,aVWAP_peak_102,aVWAP_peak_75,aVWAP_peak_59,aVWAP_valley_850,aVWAP_valley_817,aVWAP_valley_780,aVWAP_valley_744,aVWAP_valley_714,aVWAP_valley_691,aVWAP_valley_615,aVWAP_valley_574,aVWAP_valley_522,aVWAP_valley_457,aVWAP_valley_440,aVWAP_valley_410,aVWAP_valley_369,aVWAP_valley_335,aVWAP_valley_307,aVWAP_valley_262,aVWAP_valley_186,aVWAP_valley_115,aVWAP_valley_96,aVWAP_valley_66,aVWAP_valley_43,aVWAP_OB_bull_850,aVWAP_OB_bull_457,aVWAP_OB_bull_369,aVWAP_OB_bear_809,aVWAP_OB_bear_770,aVWAP_OB_bear_730,aVWAP_OB_bear_449,aVWAP_peak_828,aVWAP_peak_807,aVWAP_peak_781,aVWAP_peak_728,aVWAP_peak_727,aVWAP_peak_619,aVWAP_peak_535,aVWAP_peak_518,aVWAP_peak_482,aVWAP_peak_454,aVWAP_peak_420,aVWAP_peak_403,aVWAP_peak_402,aVWAP_peak_388,aVWAP_peak_362,aVWAP_peak_346,aVWAP_peak_318,aVWAP_peak_298,aVWAP_peak_233,aVWAP_peak_218,aVWAP_peak_158,aVWAP_peak_144,aVWAP_peak_119,aVWAP_peak_107,aVWAP_peak_63,aVWAP_valley_866,aVWAP_valley_840,aVWAP_valley_745,aVWAP_valley_719,aVWAP_valley_706,aVWAP_valley_668,aVWAP_valley_633,aVWAP_valley_632,aVWAP_valley_630,aVWAP_valley_571,aVWAP_valley_557,aVWAP_valley_464,aVWAP_valley_442,aVWAP_valley_441,aVWAP_valley_413,aVWAP_valley_382,aVWAP_valley_351,aVWAP_valley_339,aVWAP_valley_301,aVWAP_valley_244,aVWAP_valley_157,aVWAP_valley_87,aVWAP_valley_61,aVWAP_valley_39,aVWAP_valley_27,aVWAP_OB_bull_885,aVWAP_OB_bull_649,aVWAP_OB_bull_571,aVWAP_OB_bull_351,aVWAP_OB_bear_807,aVWAP_OB_bear_640,aVWAP_OB_bear_565,aVWAP_OB_bear_318,aVWAP_peak_856,aVWAP_peak_834,aVWAP_peak_815,aVWAP_peak_782,aVWAP_peak_764,aVWAP_peak_735,aVWAP_peak_703,aVWAP_peak_690,aVWAP_peak_679,aVWAP_peak_591,aVWAP_peak_550,aVWAP_peak_505,aVWAP_peak_448,aVWAP_peak_389,aVWAP_peak_360,aVWAP_peak_337,aVWAP_peak_323,aVWAP_peak_261,aVWAP_peak_226,aVWAP_peak_163,aVWAP_peak_108,aVWAP_peak_64,aVWAP_peak_43,aVWAP_peak_28,aVWAP_valley_881,aVWAP_valley_841,aVWAP_valley_788,aVWAP_valley_773,aVWAP_valley_746,aVWAP_valley_712,aVWAP_valley_618,aVWAP_valley_530,aVWAP_valley_420,aVWAP_valley_378,aVWAP_valley_353,aVWAP_valley_287,aVWAP_valley_196,aVWAP_valley_170,aVWAP_valley_148,aVWAP_valley_88,aVWAP_valley_34,aVWAP_OB_bull_841,aVWAP_OB_bull_817,aVWAP_OB_bull_712,aVWAP_OB_bull_618,aVWAP_OB_bull_574,aVWAP_OB_bear_163,aVWAP_peak_883,aVWAP_peak_860,aVWAP_peak_840,aVWAP_peak_824,aVWAP_peak_803,aVWAP_peak_785,aVWAP_peak_704,aVWAP_peak_686,aVWAP_peak_664,aVWAP_peak_635,aVWAP_peak_602,aVWAP_peak_571,aVWAP_peak_496,aVWAP_peak_452,aVWAP_peak_416,aVWAP_peak_394,aVWAP_peak_358,aVWAP_peak_335,aVWAP_peak_320,aVWAP_peak_267,aVWAP_peak_266,aVWAP_peak_231,aVWAP_peak_205,aVWAP_peak_189,aVWAP_peak_151,aVWAP_peak_104,aVWAP_peak_72,aVWAP_peak_56,aVWAP_peak_44,aVWAP_peak_12,aVWAP_valley_873,aVWAP_valley_843,aVWAP_valley_793,aVWAP_valley_751,aVWAP_valley_732,aVWAP_valley_715,aVWAP_valley_674,aVWAP_valley_611,aVWAP_valley_514,aVWAP_valley_489,aVWAP_valley_468,aVWAP_valley_467,aVWAP_valley_439,aVWAP_valley_421,aVWAP_valley_401,aVWAP_valley_373,aVWAP_valley_352,aVWAP_valley_328,aVWAP_valley_289,aVWAP_valley_241,aVWAP_valley_215,aVWAP_valley_197,aVWAP_valley_167,aVWAP_valley_90,aVWAP_valley_18,aVWAP_OB_bull_873,aVWAP_OB_bull_843,aVWAP_OB_bull_751,aVWAP_OB_bull_674,aVWAP_OB_bull_530,aVWAP_OB_bear_496,aVWAP_OB_bear_335,aVWAP_peak_78,aVWAP_peak_68,aVWAP_peak_50,aVWAP_peak_26,aVWAP_valley_93,aVWAP_valley_53,aVWAP_OB_bull_93,aVWAP_OB_bear_108,aVWAP_peak_865,aVWAP_peak_841,aVWAP_peak_744,aVWAP_peak_721,aVWAP_peak_697,aVWAP_peak_683,aVWAP_peak_669,aVWAP_peak_597,aVWAP_peak_576,aVWAP_peak_477,aVWAP_peak_414,aVWAP_peak_398,aVWAP_peak_290,aVWAP_peak_271,aVWAP_peak_259,aVWAP_peak_178,aVWAP_peak_153,aVWAP_peak_54,aVWAP_peak_10,aVWAP_valley_875,aVWAP_valley_711,aVWAP_valley_580,aVWAP_valley_513,aVWAP_valley_485,aVWAP_valley_419,aVWAP_valley_405,aVWAP_valley_285,aVWAP_valley_245,aVWAP_valley_187,aVWAP_valley_159,aVWAP_valley_118,aVWAP_OB_bull_875,aVWAP_OB_bull_711,aVWAP_OB_bull_691,aVWAP_OB_bull_440,aVWAP_OB_bull_353,aVWAP_OB_bull_335,aVWAP_OB_bull_307,aVWAP_OB_bull_245,aVWAP_OB_bull_187,aVWAP_OB_bull_118,aVWAP_OB_bear_792,aVWAP_OB_bear_520,aVWAP_OB_bear_505,aVWAP_peak_808,aVWAP_peak_709,aVWAP_peak_660,aVWAP_peak_648,aVWAP_peak_581,aVWAP_peak_481,aVWAP_peak_450,aVWAP_peak_427,aVWAP_peak_255,aVWAP_peak_11,aVWAP_valley_835,aVWAP_valley_818,aVWAP_valley_797,aVWAP_valley_721,aVWAP_valley_688,aVWAP_valley_672,aVWAP_valley_622,aVWAP_valley_542,aVWAP_valley_396,aVWAP_valley_379,aVWAP_valley_344,aVWAP_valley_297,aVWAP_valley_228,aVWAP_valley_227,aVWAP_valley_200,aVWAP_valley_184,aVWAP_valley_59,aVWAP_OB_bull_835,aVWAP_OB_bull_672,aVWAP_OB_bull_542,aVWAP_OB_bear_808,aVWAP_peak_858,aVWAP_peak_838,aVWAP_peak_826,aVWAP_peak_811,aVWAP_peak_739,aVWAP_peak_706,aVWAP_peak_564,aVWAP_peak_534,aVWAP_peak_522,aVWAP_peak_428,aVWAP_peak_385,aVWAP_peak_338,aVWAP_peak_319,aVWAP_peak_219,aVWAP_peak_206,aVWAP_valley_845,aVWAP_valley_752,aVWAP_valley_701,aVWAP_valley_652,aVWAP_valley_626,aVWAP_valley_614,aVWAP_valley_590,aVWAP_valley_579,aVWAP_valley_540,aVWAP_valley_516,aVWAP_valley_460,aVWAP_valley_438,aVWAP_valley_435,aVWAP_valley_407,aVWAP_valley_367,aVWAP_valley_350,aVWAP_valley_333,aVWAP_valley_332,aVWAP_valley_250,aVWAP_valley_211,aVWAP_valley_171,aVWAP_valley_133,aVWAP_OB_bull_752,aVWAP_OB_bull_715,aVWAP_OB_bull_540,aVWAP_OB_bull_287,aVWAP_OB_bull_250,aVWAP_OB_bull_227,aVWAP_OB_bull_211,aVWAP_OB_bear_858,aVWAP_OB_bear_72,aVWAP_peak_390,aVWAP_peak_357,aVWAP_peak_332,aVWAP_peak_278,aVWAP_peak_257,aVWAP_peak_237,aVWAP_peak_204,aVWAP_peak_180,aVWAP_peak_147,aVWAP_peak_91,aVWAP_peak_41,aVWAP_valley_425,aVWAP_valley_393,aVWAP_valley_284,aVWAP_valley_251,aVWAP_valley_225,aVWAP_valley_214,aVWAP_valley_192,aVWAP_valley_156,aVWAP_valley_120,aVWAP_valley_62,aVWAP_valley_46,aVWAP_valley_28,aVWAP_valley_10,aVWAP_OB_bull_425,aVWAP_OB_bull_393,aVWAP_OB_bull_284,aVWAP_OB_bull_251,aVWAP_OB_bull_225,aVWAP_OB_bull_192,aVWAP_OB_bull_156,aVWAP_OB_bull_120,aVWAP_OB_bull_88,aVWAP_peak_80,aVWAP_peak_74,aVWAP_peak_73,aVWAP_peak_39,aVWAP_peak_38,aVWAP_peak_37,aVWAP_peak_36,aVWAP_peak_20,aVWAP_valley_56,aVWAP_valley_55,aVWAP_valley_54,aVWAP_valley_52,aVWAP_valley_24,aVWAP_OB_bull_81,aVWAP_OB_bull_40,aVWAP_OB_bull_24,aVWAP_peak_881,aVWAP_peak_844,aVWAP_peak_825,aVWAP_peak_771,aVWAP_peak_716,aVWAP_peak_646,aVWAP_peak_568,aVWAP_peak_463,aVWAP_peak_417,aVWAP_peak_393,aVWAP_peak_376,aVWAP_peak_343,aVWAP_peak_326,aVWAP_peak_301,aVWAP_peak_279,aVWAP_peak_260,aVWAP_peak_156,aVWAP_peak_61,aVWAP_peak_31,aVWAP_valley_833,aVWAP_valley_724,aVWAP_valley_584,aVWAP_valley_511,aVWAP_valley_455,aVWAP_valley_422,aVWAP_valley_408,aVWAP_valley_361,aVWAP_valley_267,aVWAP_valley_243,aVWAP_valley_67,aVWAP_OB_bull_818,aVWAP_OB_bear_881,aVWAP_OB_bear_679,aVWAP_peak_876,aVWAP_peak_875,aVWAP_peak_874,aVWAP_peak_870,aVWAP_peak_869,aVWAP_peak_868,aVWAP_peak_864,aVWAP_peak_852,aVWAP_peak_802,aVWAP_peak_746,aVWAP_peak_701,aVWAP_peak_687,aVWAP_peak_666,aVWAP_peak_647,aVWAP_peak_598,aVWAP_peak_556,aVWAP_peak_529,aVWAP_peak_497,aVWAP_peak_433,aVWAP_peak_432,aVWAP_peak_419,aVWAP_peak_336,aVWAP_peak_321,aVWAP_peak_296,aVWAP_peak_241,aVWAP_peak_209,aVWAP_peak_208,aVWAP_peak_190,aVWAP_peak_174,aVWAP_peak_133,aVWAP_peak_120,aVWAP_peak_57,aVWAP_valley_883,aVWAP_valley_816,aVWAP_valley_801,aVWAP_valley_738,aVWAP_valley_726,aVWAP_valley_678,aVWAP_valley_660,aVWAP_valley_610,aVWAP_valley_572,aVWAP_valley_552,aVWAP_valley_518,aVWAP_valley_447,aVWAP_valley_443,aVWAP_valley_412,aVWAP_valley_397,aVWAP_valley_370,aVWAP_valley_326,aVWAP_valley_248,aVWAP_valley_140,aVWAP_valley_89,aVWAP_OB_bull_883,aVWAP_OB_bull_816,aVWAP_OB_bull_610,aVWAP_OB_bull_468,aVWAP_OB_bull_370,aVWAP_OB_bull_344,aVWAP_OB_bull_248,aVWAP_OB_bull_215,aVWAP_peak_835,aVWAP_peak_756,aVWAP_peak_743,aVWAP_peak_731,aVWAP_peak_708,aVWAP_peak_682,aVWAP_peak_663,aVWAP_peak_605,aVWAP_peak_569,aVWAP_peak_538,aVWAP_peak_506,aVWAP_peak_464,aVWAP_peak_446,aVWAP_peak_339,aVWAP_peak_309,aVWAP_peak_283,aVWAP_peak_254,aVWAP_peak_192,aVWAP_peak_176,aVWAP_peak_126,aVWAP_peak_97,aVWAP_valley_871,aVWAP_valley_844,aVWAP_valley_722,aVWAP_valley_699,aVWAP_valley_676,aVWAP_valley_593,aVWAP_valley_555,aVWAP_valley_541,aVWAP_valley_521,aVWAP_valley_504,aVWAP_valley_453,aVWAP_valley_391,aVWAP_valley_371,aVWAP_valley_331,aVWAP_valley_313,aVWAP_valley_283,aVWAP_valley_255,aVWAP_valley_220,aVWAP_valley_206,aVWAP_valley_166,aVWAP_valley_144,aVWAP_valley_111,aVWAP_valley_48,aVWAP_OB_bull_819,aVWAP_OB_bull_780,aVWAP_OB_bull_676,aVWAP_OB_bull_453,aVWAP_OB_bull_371,aVWAP_OB_bear_880,aVWAP_OB_bear_420,aVWAP_peak_853,aVWAP_peak_783,aVWAP_peak_765,aVWAP_peak_754,aVWAP_peak_705,aVWAP_peak_643,aVWAP_peak_625,aVWAP_peak_582,aVWAP_peak_547,aVWAP_peak_499,aVWAP_peak_413,aVWAP_peak_412,aVWAP_peak_410,aVWAP_peak_384,aVWAP_peak_342,aVWAP_peak_327,aVWAP_peak_313,aVWAP_peak_311,aVWAP_peak_272,aVWAP_peak_220,aVWAP_peak_194,aVWAP_peak_47,aVWAP_peak_13,aVWAP_valley_857,aVWAP_valley_842,aVWAP_valley_768,aVWAP_valley_760,aVWAP_valley_670,aVWAP_valley_659,aVWAP_valley_636,aVWAP_valley_608,aVWAP_valley_586,aVWAP_valley_585,aVWAP_valley_573,aVWAP_valley_493,aVWAP_valley_470,aVWAP_valley_469,aVWAP_valley_406,aVWAP_valley_362,aVWAP_valley_322,aVWAP_valley_249,aVWAP_valley_201,aVWAP_valley_142,aVWAP_valley_49,aVWAP_OB_bull_842,aVWAP_OB_bull_788,aVWAP_OB_bull_608,aVWAP_OB_bull_586,aVWAP_OB_bull_541,aVWAP_OB_bear_865,aVWAP_OB_bear_428,aVWAP_peak_873,aVWAP_peak_734,aVWAP_peak_677,aVWAP_peak_645,aVWAP_peak_613,aVWAP_peak_608,aVWAP_peak_563,aVWAP_peak_292,aVWAP_peak_265,aVWAP_peak_191,aVWAP_peak_149,aVWAP_peak_128,aVWAP_valley_838,aVWAP_valley_778,aVWAP_valley_707,aVWAP_valley_705,aVWAP_valley_576,aVWAP_valley_559,aVWAP_valley_432,aVWAP_valley_311,aVWAP_valley_286,aVWAP_valley_212,aVWAP_valley_182,aVWAP_valley_112,aVWAP_OB_bull_707,aVWAP_OB_bull_576,aVWAP_OB_bear_563,aVWAP_OB_bear_217,aVWAP_OB_bear_191,aVWAP_OB_bear_63,aVWAP_OB_bear_0
2025-07-25 00:00:00+00:00,STC,daily,65.11,66.12,64.155,65.49,274367,60.867648751083856,62.91357442639613,64.4462913692909,65.05798080485712,66.25301318353416,66.73738118812742,66.75760477913873,66.09126536921197,65.83870544221188,65.41052931728481,64.96950226393011,64.7533531196508,64.49935912000383,63.98713898944642,62.56911671741974,60.5623135245301,59.89219124576194,58.40340822145921,55.17606832931104,54.20116978444484,53.01588239776764,52.94670440089699,52.9010469387361,52.791149964582864,52.61418912574713,52.58205742020589,52.45263649794198,52.66134374549223,61.65929952915226,62.34316382424044,63.8767682978431,64.45287889685667,65.80800355240608,66.37473377273457,66.61694836242896,66.57174589614719,66.29127562493363,65.48117452858484,65.28464621559016,64.59939321797988,64.3237501141302,62.22326043984719,60.3604895071255,59.44028974816691,57.63578714180183,56.123370823842265,54.46731244560397,53.65609301998104,53.13904622602835,52.84042607091999,52.66074281499096,52.59243954678022,52.503513221448486,52.56369636785992,52.789875819775816,63.8767682978431,65.48117452858484,64.59939321797988,62.22326043984719,62.91357442639613,65.05798080485712,60.5623135245301,55.17606832931104,52.94670440089699,52.61418912574713,64.99249934582323,62.969380797354745,62.37951924796984,#000000,2.59528958381894,64.99249934582323,0.0452745831946294,52.60131399111311,-5.368834624336209,True,False,True,False,True,1.8876745607689749,66.3894092591945,0.0,0.0,0.0,0.0,0,0.9615067182894156,0.9800542170810248,False,False,False,False,0.2405077568937881,0.1261585858496924,False,False,False,False,5204995,4922723.45063298,False,False,False,False,216277.086094628,False,False,False,False,,,,,,,,,,,,,,,,,,,,,,,,,,,,,,,,,,,,,,,,,,,,,,,,,,,,,,,,,,,,,,,,,,,,,,,,,,,,,,,,,,,,,,,,,,,,,,,,,,,,,,,,,,,,,,,,,,,,,,,,,,,,,,,,,,,,,,,,,,,,,,,,,,,,,,,,,,,,,,,,,,,,,,,,,,,,,,,,,,,,,,,,,,,,,,,,,,,,,,,,,,,,,,,,,,,,,,,,,,,,,,,,,,,,,,,,,,,,,,,,,,,,,,,,,,,,,,,,,,,,,,,,,,,,,,,,,,,,,,,,,,,,,,,,,,,,,,,,,,,,,,,,,,,,,,,,,,,,,,,,,,,,,,,,,,,,,,,,,,,,,,,,,,,,,,,,,,,,,,,,,,,,,,,,,,,,,,,,,,,,,,,,,,,,,,,,,,,,,,,,,,,,,,,,,,,,,,,,,,,,,,,,,,,,,,,,,,,,,,,,,,,,,,,,,,,,,,,,,,,,,,,,,,,,,,,,,,,,,,,,,,,,,,,,,,,,,,,,,,,,,,,,,,,,,,,,,,,,,,,,,,,,,,,,,,,,,,,,,,,,,,,,,,,,,,,,,,,,,,,,,,,,,,,,,,,,,,,,,,,,,,,,,,,,,,,,,,,,,,,,,,,,,,,,,,,,,,,,,,,,,,,,,,,,
2025-07-25 00:00:00+00:00,PRU,daily,105.21,105.31,104.01,104.51,1122899,104.93194907998748,,,,,,,,,,,,,,,,,,,,,,,,,,,95.11939581462208,,,103.89871335390905,106.39670073450972,,110.52642564355178,110.35663484963877,,,,,,109.41446059490698,,,,,,97.3413990571153,,,95.62790832628244,,,,,95.14012309082536,,,,,,,,,,,106.86939056465108,107.45340997081234,106.71667025931556,"rgba(239, 83, 80, 0.5)",3.061480455799105,106.86939056465108,-0.542022262957071,47.80085019332728,-8.43059713609015,False,True,False,False,True,0.0,110.943550698289,0.0,0.0,0.0,0.0,0,0.9393525208699705,0.9792244419780388,False,False,False,False,-0.0484378500111387,-0.0557615811247408,False,False,False,False,-2618122,-5180105.344598423,False,False,False,False,1561620.404046524,False,False,False,False,104.81488805503965,103.36270741224794,104.21141289987764,105.57340767986288,106.60609056173516,108.01768923452344,109.2400630987188,109.8193568009788,110.56407484736546,110.66935323286344,110.83753282681808,110.84937758267556,110.5868795018691,109.11246859847762,108.7174047251078,106.7669608704139,106.13745018161802,105.02963034614872,103.21950187991736,100.518701560981,97.73061789131604,97.45126310245558,97.19624036780796,97.14973783180622,95.99401181046748,95.45548293442184,95.17340117481494,94.9776724361228,95.06581123100035,104.91343160499956,102.82068728593688,104.79320936454867,107.02716001032022,109.27986429176012,110.23334448350975,110.8324978478,110.69423835383392,109.67885974824938,107.10238736258322,106.45480824028206,105.40622247632211,103.80541806766443,101.19997717793149,99.49836369405338,97.5766399572056,96.55122841821957,95.32998897947884,95.1013549045385,95.0197544902706,95.0833229329688,104.91343160499956,107.10238736258322,103.80541806766443,103.36270741224794,105.57340767986288,108.01768923452344,106.7669608704139,,,,,,,,,,,,,,,,,,,,,,,,,,,,,,,,,,,,,,,,,,,,,,,,,,,,,,,,,,,,,,,,,,,,,,,,,,,,,,,,,,,,,,,,,,,,,,,,,,,,,,,,,,,,,,,,,,,,,,,,,,,,,,,,,,,,,,,,,,,,,,,,,,,,,,,,,,,,,,,,,,,,,,,,,,,,,,,,,,,,,,,,,,,,,,,,,,,,,,,,,,,,,,,,,,,,,,,,,,,,,,,,,,,,,,,,,,,,,,,,,,,,,,,,,,,,,,,,,,,,,,,,,,,,,,,,,,,,,,,,,,,,,,,,,,,,,,,,,,,,,,,,,,,,,,,,,,,,,,,,,,,,,,,,,,,,,,,,,,,,,,,,,,,,,,,,,,,,,,,,,,,,,,,,,,,,,,,,,,,,,,,,,,,,,,,,,,,,,,,,,,,,,,,,,,,,,,,,,,,,,,,,,,,,,,,,,,,,,,,,,,,,,,,,,,,,,,,,,,,,,,,,,,,,,,,,,,,,,,,,,,,,,,,,,,,,,,,,,,,,,,,,,,,,,,,,,,,,,,,,,,,,,,,,,,,,,,,,,,,,,,,,,,,,,,,,,,,,,,,,,,,,,,,,,,,
2025-07-25 00:00:00+00:00,CIA,daily,4.09,4.17,4.0,4.14,144736,,,,,,,4.0582390508414194,,,,,,,,,,,,,,,,,,,,,,,,3.815868340961172,,,,4.070407060571243,,,,,,3.802889350037764,,,,,,,3.4393407989612195,3.433423652170508,,,,,,,,,,,,,,,,,3.939264464717324,3.861805936235189,3.870897892700254,#000000,0.3340415899012767,3.939264464717324,0.4512478081762939,67.75887924332069,10.9897647263074,True,False,True,False,True,2.324646096537908,4.34635,0.0,0.0,0.0,0.0,0,0.9979213220391828,0.9937639661175492,False,False,False,False,0.2641118740239898,0.2122249260264397,False,False,False,False,10934458,8075042.953422085,False,False,False,False,271397.4264114697,False,False,False,False,,,,,4.018933211563125,,4.060002880067335,4.118061539294497,,,,,3.898141982593537,,,,,,,,,,,,,,,,3.5311451569901573,,3.6872091088538577,,,,,,,,,,,,,,,,,,,,,,,,,,,3.65553855613909,3.751251565787424,3.913457019758443,4.033451447026002,4.03649183315303,4.023822644504522,3.823868723177457,3.8093350012549823,3.768517959599001,3.748413525570272,3.721625758197792,3.712093624136958,3.711372917775343,3.702127809346397,3.6713716749171352,3.555724264601769,3.495433451683085,3.491845569562541,3.4498400934338416,3.4451001993801387,3.438733186222515,3.444673925324813,3.5328831960398044,3.544230644968071,3.526025660102102,3.589585948264968,3.621001308964327,4.020767051736731,4.047366079436582,4.090476206008305,4.1037195015511765,4.047113569213642,4.046348015154119,4.044166725875583,3.9108789566144657,3.871944955605121,3.757223580504877,3.737964895846916,3.736633366562165,3.7187670495892737,3.697626782652805,3.635845514075624,3.53599246348184,3.493134002666891,3.462061490558395,3.4391687417886243,3.527278550492027,3.529562536744416,3.545503359325437,3.5520094929344537,3.760448472677147,4.070407060571243,3.9108789566144657,3.635845514075624,3.751251565787424,4.0582390508414194,3.898141982593537,3.495433451683085,,,,,,,,,,,,,,,,,,,,,,,,,,,,,,,,,,,,,,,,,,,,,,,,,,,,,,,,,,,,,,,,,,,,,,,,,,,,,,,,,,,,,,,,,,,,,,,,,,,,,,,,,,,,,,,,,,,,,,,,,,,,,,,,,,,,,,,,,,,,,,,,,,,,,,,,,,,,,,,,,,,,,,,,,,,,,,,,,,,,,,,,,,,,,,,,,,,,,,,,,,,,,,,,,,,,,,,,,,,,,,,,,,,,,,,,,,,,,,,,,,,,,,,,,,,,,,,,,,,,,,,,,,,,,,,,,,,,,,,,,,,,,,,,,,,,,,,,,,,,,,,,,,,,,,,,,,,,,,,,,,,,,,,,,,,,,,,,,,,,,,,,,,,,,,,,,,,,,,,,,,,,,,,,,,,,,,,,,,,,,,,,,,,,,,,,,,,,,,,,,,,,,,,,,,,,,,,,,,,,,,,,,,,,,,,,,,,,,,,,,,,,,,,,,,,,,,,,,,,,,,,,,,,,,,,,,,,,,,,,,,,,,,,,,,,,,,,,,,,,,,,,,,,,,,,,,
2025-07-25 00:00:00+00:00,ENB,daily,44.97,45.43,44.95,45.4,4604320,,,,,,,,,,39.13608333822112,,,,,,36.10082991477309,,,,,,,35.10543187389425,,,,,,,,,,,,,,,,,,,,,,,,35.31449426658659,,,35.10494471884786,,,,,35.10855492208834,,,,,,,,,,,43.23374284227221,40.15161028366112,39.31534869489117,"rgba(38, 166, 154, 1.0)",1.2226468720629542,43.23374284227221,1.4200806442159628,51.95163687103936,-1.9566140404469865,False,False,False,False,True,2.212208413598077,42.8680926123475,0.0,0.0,0.0,0.0,1,1.010172879679316,0.9404262508348826,False,False,False,False,-0.0822505087260371,-0.0719360577185015,False,False,False,False,155603364,158899348.26013887,False,False,False,False,4003799.195518977,False,False,False,False,,,,,,,,,,,,,,,,,36.39476924166358,,,,,,,,,,,35.13077836707657,,,44.81135388517807,,,,,,39.43311008788695,,36.97384465196615,36.59689507732108,,,,35.50500859892555,,,35.082851142904715,,,,,36.97384465196615,,,,,,,,,,,,,,,,,,,,,,,,,,,,,,,,,,,,,,,,,,,,,,,,,,,,,,,,,,,,,,,,45.25654132986027,45.26583252790399,44.76520305996987,44.01306465303546,43.88753807650583,43.47866770291121,42.96027844483724,42.80948188072043,42.65571637104895,40.11337407365819,38.9646537574914,37.873691845160025,36.724126217110665,35.81459209663663,35.68829231244256,35.57951756598242,35.5499512632893,35.35331452300617,35.275752327303515,35.091839230328645,35.08885373678663,35.15083581664534,35.17183111383393,35.1456138998464,44.97825455876298,45.21571073867987,44.2176086475634,43.93442512721436,43.69164847951763,43.1070742476041,40.94388961436427,38.367721051612165,36.12293952897001,35.76336969537768,35.650800930654746,35.40358258714403,35.180866160838065,35.094375961655835,35.10137949704755,35.12160147562463,35.162938689921845,45.21571073867987,44.81135388517807,43.1070742476041,40.94388961436427,39.43311008788695,35.091839230328645,,,,,,,,,,,,,,,,,,,,,,,,,,,,,,,,,,,,,,,,,,,,,,,,,,,,,,,,,,,,,,,,,,,,,,,,,,,,,,,,,,,,,,,,,,,,,,,,,,,,,,,,,,,,,,,,,,,,,,,,,,,,,,,,,,,,,,,,,,,,,,,,,,,,,,,,,,,,,,,,,,,,,,,,,,,,,,,,,,,,,,,,,,,,,,,,,,,,,,,,,,,,,,,,,,,,,,,,,,,,,,,,,,,,,,,,,,,,,,,,,,,,,,,,,,,,,,,,,,,,,,,,,,,,,,,,,,,,,,,,,,,,,,,,,,,,,,,,,,,,,,,,,,,,,,,,,,,,,,,,,,,,,,,,,,,,,,,,,,,,,,,,,,,,,,,,,,,,,,,,,,,,,,,,,,,,,,,,,,,,,,,,,,,,,,,,,,,,,,,,,,,,,,,,,,,,,,,,,,,,,,,,,,,,,,,,,,,,,,,,,,,,,,,,,,,,,,,,,,,,,,,,,,
2025-07-25 00:00:00+00:00,PAAS,daily,29.14,29.422,28.59,28.88,4200185,,,,25.43925131800549,,,,,,,,,,,,,,,,,,,,,,,,,,,,,,,24.178998465422588,,,,,,,,,,,,,,18.931291638611256,18.81010914638609,,,,,,,,,,,,,,,,26.21125718556082,24.2083392422464,23.39599613525701,"rgba(38, 166, 154, 1.0)",2.39033317252195,26.21125718556082,1.2252446010901372,53.32191797881204,5.291445853482905,False,True,False,False,True,7.018644501454112,24.41682613919,0.0,0.0,0.0,0.0,1,1.0414922759085865,0.8386658178331445,False,False,False,False,0.2217903411330582,0.2410710138244362,False,False,False,False,114353139,114016012.77701384,False,False,False,False,5244157.87068108,False,False,False,False,,,,,,,,,,,,,,,,,,,,,,,,,,,,,,,26.58342114358586,,,,,,,,,,,,,,,,,,,,,,,,,,,,,,,25.280925328732717,,,,,,,,,,,,,,,,,,,,,,,,,,,,,,,,,,,,,,,,,,,,,,,,,,,,,,,,,,,,,,,,,,,,,,,,,,,,,,,,,,,,,22.069679034478742,,,,,,,,,,,26.58342114358586,,,,,29.32423315172103,29.01278354061864,27.08131865825118,26.797777075870957,26.432641967923203,26.20206196854186,24.99722065312878,24.807849128503776,24.44535776005352,24.081691914993925,23.70490720590881,23.167788653212398,21.555838473490564,20.971072781373657,20.569588384455297,20.379531128206352,20.05463310759792,19.86031264433796,19.769327484081387,19.43293562014914,19.430506630718227,19.286130171517645,19.004244327856064,18.958481146095544,18.82119990950505,18.826066483585027,18.90041977512955,18.980298223996552,19.05785478350793,19.13602828660608,29.09990102404354,27.554651368149035,26.31610589126017,25.66285007444136,25.37101626184336,25.046366404895032,24.59041252622431,23.793109974226432,21.79369662566033,21.444944116754456,21.202832544673203,21.180270048670984,20.79280424211932,20.61196042434423,20.438964358993736,20.19353358767874,19.994404587674826,19.813905627089326,19.54918724804597,19.334871046010846,19.105645730443957,18.980632939875655,18.871985736843968,18.840750340929247,19.12281089497579,29.09990102404354,27.554651368149035,25.66285007444136,24.59041252622431,22.069679034478742,21.555838473490564,19.86031264433796,,,,,,,,,,,,,,,,,,,,,,,,,,,,,,,,,,,,,,,,,,,,,,,,,,,,,,,,,,,,,,,,,,,,,,,,,,,,,,,,,,,,,,,,,,,,,,,,,,,,,,,,,,,,,,,,,,,,,,,,,,,,,,,,,,,,,,,,,,,,,,,,,,,,,,,,,,,,,,,,,,,,,,,,,,,,,,,,,,,,,,,,,,,,,,,,,,,,,,,,,,,,,,,,,,,,,,,,,,,,,,,,,,,,,,,,,,,,,,,,,,,,,,,,,,,,,,,,,,,,,,,,,,,,,,,,,,,,,,,,,,,,,,,,,,,,,,,,,,,,,,,,,,,,,,,,,,,,,,,,,,,,,,,,,,,,,,,,,,,,,,,,,,,,,,,,,,,,,,,,,,,,,,,,,,,,,,,,,,,,,,,,,,,,,,,,,,,,,,,,,,,,
2025-07-25 00:00:00+00:00,NUMI,daily,24.145,24.145,24.145,24.145,3,,,,,,,,,,,,,,,,,,,,,,,,,,,,,,,,,,,,,,,,,,,,,,,,,,,,,,,24.65483249104886,,,,,,,,,,,24.360570661206797,24.332344687155853,24.40761395129169,"rgba(255, 0, 0, 1.0)",0.128759102365585,24.360570661206797,-1.6742168689148291,38.604208317618586,-8.273466162860203,False,True,False,True,True,0.0,,0.0,0.0,0.0,0.0,0,0.8276235324262654,0.9245302396430172,False,False,False,False,-0.2011800233382338,-0.232364615409528,False,False,False,False,555868,488349.7009635868,False,False,False,False,5203.674964738812,False,False,False,False,,,,,,,,,,,,,,,,,,,,,,,,,,,,,,,,,,,,,,,,,,,,,,,,,,,,,,,,,,,,,,,,,,,,,,,,,,,,,,,,,,,,,,,,,,,,,,,,,,,,,,,,,,,,,,,,,,,,,,,,,,,,,,,,,,,,,,,,24.32963571993683,,,,,,,,,,,,,,,,,,,,,,,,,,,,,,,,,,,,,,,,,,,,,,,,,,,,,,,,,,,,,,,,,,,,,,,,,,,,,,,,,,,,,,,,,24.28535810746072,24.284011682795537,24.25955444517592,24.503163480410244,24.30839245859136,24.259616904234857,24.30839245859136,24.32963571993683,,,,,,,,,,,,,,,,,,,,,,,,,,,,,,,,,,,,,,,,,,,,,,,,,,,,,,,,,,,,,,,,,,,,,,,,,,,,,,,,,,,,,,,,,,,,,,,,,,,,,,,,,,,,,,,,,,,,,,,,,,,,,,,,,,,,,,,,,,,,,,,,,,,,,,,,,,,,,,,,,,,,,,,,,,,,,,,,,,,,,,,,,,,,,,,,,,,,,,,,,,,,,,,,,,,,,,,,,,,,,,,,,,,,,,,,,,,,,,,,,,,,,,,,,,,,,,,,,,,,,,,,,,,,,,,,,,,,,,,,,,,,,,,,,,,,,,,,,,,,,,,,,,,,,,,,,,,,,,,,,,,,,,,,,,,,,,,,,,,,,,,,,,,,,,,,,,,,,,,,,,,,,,,,,,,,,,,,,,,,,,,,,,,,,,,,,,,,
2025-07-25 00:00:00+00:00,BLX,daily,41.74,42.46,41.56,42.15,142704,,,,,,35.376637733276375,,,,,,,,,,,,,,,,,,,,,,,,,,,,36.333325413766616,35.64109891339366,,,,,,,,,,,,,,,,,,,24.12712911318259,,,,,,,,,,,,37.75253172022401,34.594783585148626,34.00074781578836,"rgba(0, 255, 255, 0.75)",2.162729602678658,37.75253172022401,1.8437202111800255,55.95007982218171,11.569397336635284,False,True,True,False,False,7.542876201558794,36.876859736742496,0.0,0.0,0.0,0.0,0,1.011205567847412,0.9183724955178548,False,False,False,False,0.1716666470769756,0.2427070282226127,False,False,False,False,9136161,9576716.059547668,False,False,False,False,124589.7842054704,False,False,False,False,,,38.99839386639599,,,,,,,,,,,,31.783965071649835,,,,,28.794621007205443,,,27.20689715125068,,,,25.117136307631537,24.65430513026759,,,39.65454466076152,,38.10292570494526,,36.79425689001779,34.625939441556746,,,31.174255371315414,30.88651505142554,,29.597556758697102,29.001941284944547,28.528676675552347,,,,,,,,,,,,,,,,,,,,,,,,,,,,,29.157242350152693,,,,,,,,,,,,,,,,,,,,,,,,,,,,,,,,,,,,,,,,,,,,,,,38.68831952178691,,,,,,,32.18179274825498,,,,,,,,,,,,,,,,38.82358531958326,,,,32.81042972625059,,,,,,,,,,,39.65454466076152,,,,,,,,,,,,,,,,,,,,,,,,,,,,,,,,,,,,,,,,,,,,,,,,,,,,,,,,,,24.912108509765638,,,,,,32.81042972625059,,,,,,,,,,,41.70169358898201,41.35415147147686,38.10292570494526,37.56975379692887,36.93365158622768,36.60340959754535,36.19812126797334,34.33017538211276,33.86747370282625,31.55062354984642,30.44029998864322,30.15982243763293,28.10259732910932,27.816769418539955,27.607862211089067,26.45368175455908,26.073314653410115,24.40491466929059,23.858776679651115,41.94369562368017,37.2740289191238,33.96755767584745,32.35538365017335,31.70564448583432,30.51663469755142,30.276960051346183,28.000030620130808,27.403894322291045,26.59900454725073,26.14450033307114,25.391513293797583,41.94369562368017,37.2740289191238,36.79425689001779,30.88651505142554,29.28374680732582,29.001941284944547,28.528676675552347,27.403894322291045,26.59900454725073,25.391513293797583,38.99839386639599,32.530799098465806,32.18179274825498,,,,,,,,,,,,,,,,,,,,,,,,,,,,,,,,,,,,,,,,,,,,,,,,,,,,,,,,,,,,,,,,,,,,,,,,,,,,,,,,,,,,,,,,,,,,,,,,,,,,,,,,,,,,,,,,,,,,,,,,,,,,,,,,,,,,,,,,,,,,,,,,,,,,,,,,,,,,,,,,,,,,,,,,,,,,,,,,,,,,,,,,,,,,,,,,,,,,,,,,,,,,,,,,,,,,,,,,,,,,,,,,,,,,,,,,,,,,,,,,,,,,,,,,,,,,,,,,,,,,,,,,,,,,,,,,,,,,,,,,,,,,,,,,,,,,,,,,,,,,,,,,,,,,,,,,,,,,,,,,,,,,,,,,,,,,,,,,,,,,,,,,,,,,,,,,
2025-07-25 00:00:00+00:00,MAG,daily,21.54,21.705,21.24,21.48,1063908,,,,18.14624517887714,,,,,,,,,,,,,14.526662130205878,,,,14.039387639819902,,,,,,,,,,,,,,17.333586758639136,,,,,,,,,,,,14.083775734835717,,,13.984514693489444,,,,,,,,,,,,,,,,18.870604395434874,17.43248637210099,16.780242636033915,"rgba(38, 166, 154, 0.5)",2.8345050137528505,18.870604395434874,0.9417501791718044,53.82954501048958,6.952009846415407,False,True,False,False,True,12.466038654004151,16.5349958413245,0.0,0.0,0.0,0.0,1,1.0589702356562394,0.8369128150456917,False,False,False,False,0.2184028939441288,0.2387899475353647,False,False,False,False,29031585,23543762.73269477,False,False,False,False,1620914.9006707747,False,False,False,False,,,,,,,,,,17.195624572966473,,,,,,,,,,,,,,14.105266863962866,,,,,,,,,,,,,,,,14.7899928269307,14.609704931228114,,,,,,,,,,,,,,,,,,,,,,,,,,,,,,,14.263605488626272,,,,,,,,,,,,,,,,,,,,,,,,,,,,,,,,,,,,,,,,,,,,,,,18.652410000239332,,,,,,,,,,,,,,,,,,,,,,,,,,,,15.641293116516469,,,,,,,,,,,,,,,,21.73958651474937,21.44479855906289,,19.57261404504613,,,,17.722777438940597,,,,,15.282559183297291,,14.642203317507484,,,14.199003313045017,14.177741478237255,,,14.095664542319136,,14.084088921003584,14.015852655104968,13.949338001159717,13.953860578386818,,14.018523798744072,,21.531218108239877,,,18.294122757683446,,,,,15.463428850106656,15.172821003659063,,14.992596431943234,,14.665942724874832,,,,14.188895970732585,,,,,14.029222736764114,13.944969278441176,14.044442761639404,21.531218108239877,,,,,15.282559183297291,,,,,,,,,,,19.97808309504573,,,,,,16.784564442428223,,,,,,,,,,,,,,,,,,,,,,,,,,,,,,,,,,,,,19.05109070440703,17.89976225545871,17.455660293468785,17.309708215707925,16.591159523278137,15.10243166802268,14.852750693638312,14.699035609671604,14.06924729066566,14.049794350321086,19.81039030776626,19.317288195461774,18.863407015331973,17.98964883323633,17.74195290756821,17.55773672376681,17.06035880294992,15.784476505315595,14.550902258412258,14.433983661047655,14.220977911562132,14.101831891278833,14.09791115492878,14.09818247881719,14.096162016948288,14.066504042184334,13.975712187237525,19.81039030776626,17.55773672376681,15.784476505315595,19.05109070440703,,,,,,,,,,,,,,,,,,,,,,,,,,,,,,,,,,,,,,,,,,,,,,,,,,,,,,,,,,,,,,,,,,,,,,,,,,,,,,,,,,,,,,,,,,,,,,,,,,,,,,,,,,,,,,,,,,,,,,,,,,,,,,,,,,,,,,,,,,,,,,,,,,,,,,,,,,,,,,,,,,,,,,,,,,,,,,,,,,,,,,,,,,,,,,,,,,,,,,,,,,,,,,,,,,,,,,,,,,,,,,,,,,,,,,,,,,,,,,,,,,,,,,,,,,,,,,,,,,,,,,,,,,,,,,,,,,,,,,,,,,,,,,,,,,,,,,,,,,,,,,,,,,,,,,,,,,,,,,,,,
2025-07-25 00:00:00+00:00,EQX,daily,6.39,6.44,6.23,6.29,8075653,,,,,,,,,,,,,,6.105455154237695,6.070334647247384,,,,,,,,5.681039321544247,,,,,,,,,,,,,,,,,,,,,,,,,,5.727867327738212,,,,,,,,,,,,,,,,,6.35112765505926,6.228164641906753,6.257200161580778,#000000,0.4052005175953155,6.35112765505926,0.0959336013967346,58.212496452221146,4.339710898976641,True,False,True,False,True,0.6870691945767007,6.15915,0.0,0.0,0.0,0.0,0,0.9553569126305388,0.9140487343676136,False,False,False,False,-0.0710539303299264,-0.0629670209853,False,False,False,False,14255697,-37360417.40746411,False,False,False,False,14403238.023513932,False,False,False,False,,,,,,,,,,6.262963291556826,,,,,,,,,,,,,,,,,,,,,6.406320646474208,,,,,,,,,,,,,,,,,,,,,,,,,,,,,,,,,,,,,,,,,,,,,,,,,,,,,,,,,,,,,,,,,,,,,,,,,,,,,,,,,,,,,,,,,,,,,,,,,,,,,,,,,,,,,,,,,,,,,,,,5.901052241832197,5.7521021596549495,,,,,,6.406320646474208,,,,,,,,,,6.472006504755758,,6.312570671964844,6.299337373360551,,,,,6.05999643813507,6.001789102812288,,5.962864707998707,,,5.874938006575133,,5.8222325362349086,5.76563716039846,5.741628825642576,,5.658100852886326,5.67233918419218,5.694872175181359,,,6.096497094958718,,,6.422636727911319,,6.348694655056135,6.308114802578712,,,6.094963205786012,,,,,,,,,,,,,,5.658298642143907,5.734151130550116,,,,,,,,,,,,,,,,,,,,,,,6.228672975773989,,,,,,,,,,,,,,,,,,,,,,,,,,,,,,,,,,,,,,,,,,6.085397388104399,,,,5.738803713841221,,,6.463456014884586,,,6.305700274632856,,,,,,,,5.816609405074668,,,,,,,,6.289537504339795,6.353950782245887,6.398236782838601,6.418760867265051,6.392680386208545,6.336056816994451,6.188671820799405,6.146367734887373,6.132501073327573,6.008005521279594,5.983953908860462,5.950553687609998,5.940906409667179,5.805553978936753,5.767747070086736,6.369347187264692,6.425685334918724,6.322580731172095,6.280381941359698,6.257924764276691,6.243581187265867,6.217623344419294,6.19146153174073,6.157258748047756,6.126420472724049,6.067961684638033,6.037392881505392,6.032607800884522,5.996629685224037,5.97180934980162,5.957074145132361,5.948395780782961,5.947623120047253,5.8524936808317545,5.777435579120439,5.708695600153799,5.670217041989015,6.425685334918724,6.348694655056135,6.157258748047756,5.901052241832197,5.8524936808317545,5.816609405074668,5.777435579120439,6.289537504339795,5.67233918419218,,,,,,,,,,,,,,,,,,,,,,,,,,,,,,,,,,,,,,,,,,,,,,,,,,,,,,,,,,,,,,,,,,,,,,,,,,,,,,,,,,,,,,,,,,,,,,,,,,,,,,,,,,,,,,,,,,,,,,,,,,,,,,,,,,,,,,,,,,,,,,,,,,,,,,,,,,,,,,,,,,,,,,,,,,,,,,,,,,,,,,,,,,,,,,,,,,,,,,,,,,,,,,,,,,,,,,,,,,,,,,,,,,,,,,,,,,,,,,,,,,,,,,,,,,,,,,,,,,,,,,,,,,,,,,,,,,,
2025-07-25 00:00:00+00:00,TKO,daily,170.05,170.33,167.38,167.92,626275,,,,,,,,,,,,,,,,,,,,,,,,,,,,,,,,,,,,,,,,,,,,,,,,,,,,,,,,,,,,,,,,,,154.00412743772716,146.4819887046531,139.91417543636075,"rgba(0, 255, 255, 0.75)",9.608845912884798,154.00412743772716,1.669906324624942,44.89691221695728,-1.8953739354787589,False,True,False,True,False,5.53434678918433,149.86898390271898,0.0,0.0,0.0,0.0,0,1.0117374861032844,0.9589632619180574,False,False,False,False,0.0105039502285817,-0.0168697381921427,False,False,False,False,10618167,7249603.470326518,False,False,False,False,960742.9857580642,False,False,False,False,,,,,,,,,,,,,,,,,,,,,,,,,,,,125.4808979054642,,,,,,,,,,,,,,,156.7777608824803,,,,,,,,,,,,,,,,,,,,,,,,,,,,,,,155.761847475951,,,,,,,,,,,,,,,,,,,,,,,,,,,,,,,,,119.5137188525359,,,,,,,,,,,,,,,,,,,,,,,,,,,,,130.54526151947843,,,,,,,,,,,,,,,,,,,126.8300178975124,,,,,,,,,,,,,,,,,,,,,,167.78191509431383,,,,,,,,,,,,,,,,,,,,,,,,,,,,,,,156.75003129614552,,,,,,,,,,,,,,,,,,,,,,,,,,,,,,,,,,,,,,,,,,,,,,,,,,,,,,,,,,,,,,,,,,,,,,,,,,,172.01190118202467,,,,,,,,,,,,,,,,,,,,,,,,,,,,,,,,,,,,,,,,,,,,,,,,,,,,,,,,,,,,,,,,,,,,,,,161.87781554248255,156.67338565501296,156.5395714130427,150.62765087238554,148.89142142213672,147.16244219424698,143.66912980994658,141.2720498507227,137.8261460011758,127.16563900507042,120.42474433099449,168.9233829834689,162.835735706867,151.6188180747381,148.25583549330116,145.77117941661743,144.66578400091848,142.21489038773956,138.80045477182864,132.20852026048252,123.7241606798502,121.73136049626336,119.63820993169504,118.28112128568814,168.9233829834689,162.835735706867,151.6188180747381,148.25583549330116,145.77117941661743,142.21489038773956,138.80045477182864,132.20852026048252,126.8300178975124,,,,,,,,,,,,,,,,,,,,,,,,,,,,,,,,,,,,,,,,,,,,,,,,,,,,,,,,,,,,,,,,,,,,,,,,,,,,,,,,,,,,,,,,,,,,,,,,,,,,,,,,,,,,,,,,,,,,,,,,,,,,,,,,,,,,,,,,,,,,,,,,,,,,,,,,,,,,,,,,,,,,,,,,,,,,,,,,,,,,,,,,,,,,,,,,,,,,,,,,,,,,,,,,,,,,,,,,,,,,,,,,,,,,,,,,,,,,,,,,,,
2025-07-25 00:00:00+00:00,COLA,daily,10.18,10.18,10.14,10.14,550,,,,,,,,,,,,,,,,,,,,,,,,,,,,,,,,,,,,,,,,,,,,,,,,,,,,,,,,,,,,,,,,,,10.101486990195664,10.101827180968108,10.101033402499077,"rgba(0, 255, 255, 0.75)",0.0445971698693948,10.101486990195664,1.7604930993214472,67.53464461051553,12.571009021359217,False,False,True,False,True,20.0,,0.0,0.0,0.0,0.0,0,1.0449101796407143,0.7887558216899548,False,False,False,False,0.2625360101719759,0.2145364925526431,False,False,False,False,83555,45664.6297673956,False,False,False,False,10211.76647179392,False,False,False,False,,,,,,,,,,,,,,,,,,,,,,,,,,,,,,,,,,,,,,,,,,,,,,,,,,,,,,,,,,,,,,,,,,,,,,,,,,,,,,,,,,,,,,,,,,,,,,,,,,,,,,,,,,,,,,,,,,,,,,,,,,,,,,,,,,,,,,,,,,,,,,,,,,,,,,,,,,,,,,,,,,,,,,,,,,,,,,,,,,,,,,,,,,,,,,,,,,,,,,,,,,,,,,,,,,,,,,,,,,,,,,,,,,,,,,10.1112877820763,,,,,,,,,,,,,,,,,,,,,,,,,,,,,,,,,,,,,,,,,,,,,,,,,,,,,,,,,,,,,,,,,,,,,,,,,,,,,,,,,,,,,,,,,,,,,,,,,,,,,,,,,,,,,,,,,,,,,,,,,,,,,,,,,,,,,,,,,,,,,,,,,,,,,,,,,,,,,10.145183865219504,10.144511869644615,10.145208361798064,10.08238671391562,10.08238671391562,10.082398164058864,10.082388471072068,10.050153288120503,10.111382354826365,10.111339867145588,10.11133423966592,10.110653617411318,10.050202553868957,10.155073655361424,10.08238671391562,10.050202553868957,,,,,,,,,,,,,,,,,,,,,,,,,,,,,,,,,,,,,,,,,,,,,,,,,,,,,,,,,,,,,,,,,,,,,,,,,,,,,,,,,,,,,,,,,,,,,,,,,,,,,,,,,,,,,,,,,,,,,,,,,,,,,,,,,,,,,,,,,,,,,,,,,,,,,,,,,,,,,,,,,,,,,,,,,,,,,,,,,,,,,,,,,,,,,,,,,,,,,,,,,,,,,,,,,,,,,,,,,,,,,,,,,,
2025-07-25 00:00:00+00:00,CP,daily,76.93,76.94,75.84,76.34,3049514,,,,,,,,,,,,,,,,,,,,,,,,,,,,,,,75.73946768402327,,,,76.79523781360398,,,,,,,,,,77.52267784980873,77.43657209960493,,,,76.8862920081073,,,,76.28557660927174,,,,,,,,,,,,77.23569131135606,77.52018026701163,77.27109763661954,#000000,3.780878159164165,77.23569131135606,-0.0808519339918734,36.71097260105813,-7.010758020957681,False,True,False,True,False,0.0,76.5712999810185,0.0,0.0,0.0,0.0,0,0.9543525578504368,0.9890215360680448,False,False,False,False,-0.3428282544153939,-0.2753882059052069,False,False,False,False,-14519795,-3531415.1529990947,False,False,False,False,2875751.2239457103,False,False,False,False,,,75.7516052496741,,,,,,,76.96317420363029,,,,,,,,,,,,,77.32970155590758,,,,,76.34206656904567,,,,,,,,77.08455759441952,,,,,,,,,,,76.6894472282296,,,,,,,,,,,,,,,,,,,,,,,,,,,,,,,,,,,,,,,,,,,,,,,,,,,,,,,,,,,,,,,,,,,,,,,,,,,,,76.50059432516774,77.17842380178348,77.8164275756014,,,,,,,,,,,,76.36460482045102,,,,,75.87749214735386,75.98645747887849,,,,,,,,77.17622962667649,,,,,,,,,,,,,,,,,,,,,,,78.18716521867763,,,,,,,,,,,,,76.60885080637935,,,,,79.33962589423501,,,,,,,,,,77.76872478805053,,,,,,,,,,,,,76.46624076221673,76.12697417649622,,,,,,,,,,,,,,,,79.44253386505956,,,,,,,,,,,,,,,,,,,,,,,,,,,77.34136377033083,,,,,,,,,,,,,,75.7516052496741,,,,,,,,,,,,,,77.19742021911844,,,,,,,,,,,,,,,,,,,,,,,,,,,,,,,,,,,,,,,,,,,,,,,,,,,,,,,,,,,,,,,,,,,,,,,,,,,,,,,,,,,,,,,,,,,,,,,,,,,,,,,,,,,,,,,,,,,79.07737937321782,80.12874472041635,78.23507104940687,76.00817007588488,75.79427336639972,76.84456735211947,77.47436389713506,77.70335381073927,77.35432567715836,77.4218378402707,77.49421017181072,77.49987047741959,77.52751328865962,77.47076514836648,77.39394296079465,77.37896216827778,76.93640126670564,76.32907863207741,76.24517840441273,78.96434612904298,75.80468388368539,77.21290537867301,78.19939118701244,77.57050308419818,77.35078868302074,77.35621202038081,77.4944505081958,77.37907451875391,77.33161115473997,76.32177887816562,77.19742021911844,79.07737937321782,76.50059432516774,,,,,,,,,,,,,,,,,,,,,,,,,,,,,,,,,,,,,,,,,,,,,,,,,,,,,,,,,,,,,,,,,,,,,,,,,,,,,,,,,,,,,,,,,,,,,,,,,,,,,,,,,,,,,,,,,,,,,,,,,,,,,,,,,,,,,,,,,,,,,,,,,,,,,,,,,,,,,,,,,,,,,,,,,,,,,,,,,,,,,,,,,,,,,,,,,
2025-07-25 00:00:00+00:00,GDL,daily,8.3767,8.4,8.35,8.35,5660,,,,,,,,,,,,,,,7.657885863059605,,,,,,,,,,,,,,,,,,,,7.961841006534037,,,,,,,,,,,,,,,7.190032921717136,,,,7.157675994628396,7.1534290898874415,,,,,,,,,,,8.196708417355676,8.142008955716932,7.879513056407537,"rgba(38, 166, 154, 0.5)",0.1886999329734525,8.196708417355676,0.9538508032731816,61.56708259405647,8.85671892739201,True,False,True,False,True,9.639202603022724,8.002185709864,0.0,0.0,0.0,0.0,1,0.9837361186902194,0.88480600080725,False,False,False,False,0.3171550556074823,0.3279124655808517,False,False,False,False,-694728,-698554.8154271083,False,False,False,False,9700.79506083083,False,False,False,False,,,8.155021592368378,,,,,,,,,,,,,,,,7.525401384133876,,,,,,,,,,,,,,,,,,,,7.654038400639705,,,,,,,,,,,,,,,,,,,,,,,,7.890965016608067,,,,,,,7.575245821588382,,,,,,,,7.196508166397592,7.19317289583867,,,,,,,,,,,,,,,,,7.64012091949507,7.596007852154714,,,,7.413948239370577,,,,,,,,7.961841006534037,,,,,,,,,,,,,,,,,,,,,,,,,,,,,,,,,,,,,,7.757708263489136,,,,,7.226363761156661,,,,,,,,,,,,,,,,,,,,,,,,,,,,,,,7.360379471508684,,,7.217121124280118,,,,,,,,,,,,,,,,,7.665447922785601,7.663154994358762,,,,,,,,,7.266510191243562,,,,,,,,,7.757708263489136,,,,,,,,,,,,,,,,,,,,,,,,,,,,,,,8.016691457869033,,,,,,,,,,7.184720329778329,,,,,,,,,,,,,,8.160683155221045,,,,,,,,,,,,,,,,,,,,7.507579902850561,,,,,,,,,,,,,,,,,,,,,7.551987996503081,,,,,,,,,,,,,,,,,,,,,,,,,,,,,,,,,,,,,,,,,,,,,,,,,,,,,,,,,,,,,,,,,,,,,,,,,,,,,,,,,,,,,,,,,8.022966127938355,7.957763234363452,,,,,,,,,,,,,,,,,,,,,,,,,,,,8.331121807343,8.332391625859517,8.332220924072464,8.328204683720443,8.328850042730934,8.32978560927467,8.317437868801147,8.300952927250279,8.159662828165343,8.073238702057095,8.010467893240493,8.004477732673433,7.98432918152516,7.959185754917811,7.860452406207539,7.795548248644234,7.754580962397576,7.715559531291039,7.622550505660805,7.620347224975014,7.605778351779152,7.496620869004034,7.461072874613706,7.403752922863696,7.303166813973964,7.257800451502704,7.256188145671175,7.217804097499342,7.205576263634848,7.190283685391403,7.186842338976772,7.163638514766908,8.349654544887319,8.161345854276005,8.157545343896375,8.038621222827436,8.027304135314175,7.996162387166439,7.974136393896939,7.877715367204018,7.8270192692273906,7.791942665226793,7.741814586707597,7.646453076946599,7.641543315402319,7.592033412705506,7.571006244742379,7.532358835875618,7.475046972072664,7.328359756356396,7.192030307419948,7.169497244333006,8.349654544887319,8.161345854276005,7.877715367204018,7.665447922785601,7.532358835875618,7.507579902850561,7.328359756356396,7.266510191243562,,,,,,,,,,,,,,,,,,,,,,,,,,,,,,,,,,,,,,,,,,,,,,,,,,,,,,,,,,,,,,,,,,,,,,,,,,,,,,,,,,,,,,,,,,,,,,,,,,,,,,,,,,,,,,,,,,,,,,,,,,,,,,,,,,,,,
2025-07-25 00:00:00+00:00,ASND,daily,167.47,175.875,166.82,169.98,421932,,,,,,,,,,,,,,,,,,,,,,,,,,,117.8947563742108,,,165.871103302657,163.25075984941373,,,,144.62032434556934,,,,,,,,,,,,,,,,,,,,117.69984654851606,,,,,,,,,,,159.21385650601414,150.31219600585152,149.89628141524992,"rgba(38, 166, 154, 0.5)",9.149344525826235,159.21385650601414,0.902375407405514,43.560514146367886,-1.766676459531233,False,True,False,True,False,2.3375253245070944,148.049125,0.0,0.0,0.0,0.0,1,1.0303499695068703,0.9484145958538888,False,False,False,False,0.137098927114224,0.1111906425480018,False,False,False,False,2862201,4323550.901526304,False,False,False,False,445689.2896607491,False,False,False,False,,,162.45124861496996,,,,,,,,,,,,,,,,,,,,,122.6780661473504,,,,,,,,160.41033187894436,,,,,,,,,,,,,,,,,,,,,,,,,,,,,,,,,,,,134.8198338868734,,,,132.3193029775089,,,,,,,,,,,,,,,,,,,,,,,,136.01858905940992,,,,,,,,,,,,,,,,,,,,173.26790071572225,,,,,,,,,,,,,,,,,,,,,,,117.70280680203857,,,,,,,143.98699601176816,,,,131.9277379645397,,,,,,,,,,,,,,,,,,,,,,144.34392880374472,,,,,,,,,,,,122.80024893011468,,,,,,,,,,,,,,,,,,,138.83726407434185,,,,,,,,,,,,,118.63067479681472,,,,,,,,,,,,,,,,,,,,,,,,,,,,133.82324050085188,,122.95476935093976,,,121.32290227830664,,,,149.6620858418931,,,,,,,,,,,,,,,,,,,,,,,,,,,,,,,,,,,,,,,,,,,,,,,,,122.19175645213213,,,,,,,,,,,,,,,,,,,,,,,,,,,,,,,,,,134.29855714488795,,,,,,,,120.45833088523672,,,,,,,,,,,,,,,,,,,,,,,,,,,,,,,,,,,,,,,,,,,,,,,,,,,,,,,,,,,,,,,,,,,,,,,,,,,,,,,,,,,,,,,,,,,,,,,172.84393217942554,,,,,163.7962865786262,,,,,,,,,,,,,,,,,,,,,,,,,,,153.5997474077847,,,,,,,,,,,,,,,,,,,,138.83726407434185,,,,,169.16955822696173,155.23640607031564,154.1737514191103,152.82058751538537,149.41386815481505,148.14602271957347,145.20363566089745,143.6564008415996,142.65133976647493,143.01770324423464,142.71606767660435,138.41539044598045,136.27681709486353,130.97307453083195,123.2887634078067,123.03191827554824,122.87917639635434,122.41151939942574,121.96741898612716,120.30534215931912,119.35323198373538,172.6242561559486,170.59410633308457,151.09221288739403,148.79387994355815,147.05908432469857,142.74365785379163,142.77974618056774,142.94004504611277,143.06235226661755,142.66167336517614,137.31741217626617,133.4594905366655,132.6339558225058,128.25826463723303,123.33268130242358,123.03191827554824,122.87708113558104,122.74320021487472,122.61082972114912,121.65271991835314,120.83176093262222,119.83158481424697,117.8194825062181,165.871103302657,160.41033187894436,147.05908432469857,137.31741217626617,132.6339558225058,172.7535293040687,134.8198338868734,,,,,,,,,,,,,,,,,,,,,,,,,,,,,,,,,,,,,,,,,,,,,,,,,,,,,,,,,,,,,,,,,,,,,,,,,,,,,,,,,,
2025-07-25 00:00:00+00:00,VOXR,daily,3.28,3.34,3.22,3.25,161370,,3.244964256193125,,,,,,,,,,,,,2.759216820465382,,,,,,,,,,2.700317185507122,,,,,,,3.0902800217233173,,,,,,,,,,,,,,,,,,,,,,,2.699905868589767,,,,,,,,,,,3.134868968779473,2.975103825284333,3.020295750333302,"rgba(38, 166, 154, 0.5)",0.2067896001814897,3.134868968779473,0.701829449320234,50.67785631632154,-3.364213366883554,False,False,False,False,True,2.816620800336459,2.8571760785275,0.0,0.0,0.0,0.0,1,1.0124190294813795,0.9594570667653224,False,False,False,False,-0.1010299181960102,-0.0883951259614754,False,False,False,False,-9559509,-5246029.123758294,False,False,False,False,502895.21602292033,False,False,False,False,,,,,,,,,,,,,,,,,,,,,,2.7155544026623946,,,,,,,,,3.259518298252078,,,,,,,,,,,,,,2.7160131236898217,,,,,,,,,,,,,,,,,3.037306794995536,,2.7984964798469925,,,,,,,,,,,,,,2.7033665074929987,2.702551960743285,,2.700503618814454,,,,3.0651997021126447,,,,,,,,,,2.750851332420784,,,,2.717169150739023,,,,,2.699371120323154,,,,,,,,,,,,,,,,,,,2.9998932270889536,,,,,2.7531626390655544,,,,,,,,,,,,,,3.148733600117656,,,,,2.7951837589960946,2.732039054790109,,,,,,,,,,3.259518298252078,,,,,,,,,,,,,,,,,,,,,,,,,,,,,,,,,,,,,,,,,2.9886572283140214,,,,,,,2.732432110859372,,,,,,,,,,,,,,,,,,,,2.699212090316303,,2.699859259898092,,,,,,,,,,,,,,,,,,,,,,,,3.2115773086960746,,,,,,2.725350539520415,,,,,,,,,,,,,,,,,,,,,,,,,,2.74408800231846,,,,,,,,,,,,2.721259067229084,,2.718148866954761,,,,,,,,,,,,3.288971228269619,,,,,2.798210933260016,,2.744470483986772,,,,,,,,,,,,,,,,,,,2.7261271396703517,,,,,,,2.7036766100525784,,,,,,,,,,,,,,,,,,2.7040478575019358,,,,,,,,,,,,,2.699205639955893,,,,,,,,,,,,,,,,,,,,,,,,,,,,,,,,,,,2.824633114801662,,,,,,,,,,,,,,,,,2.756589713637059,,,,,,,,,,,,,,,,,,,,,,2.9793667834125985,,2.8738083914066075,,,,,,,,,,,,,,,,,,,,,,,,,,,,,,,,,,2.7183254112414046,,,,,,,,,,,,,,,,,,,,,,,,,,,,,,,,,,,3.025091440982488,,,,,,,,,,,,,,,,,,2.702551960743285,,,,,,,,,,3.277609139016637,3.130988789614595,3.0980598421240177,3.082857926376076,3.000428204284568,2.954664603083912,2.9332505530099247,2.8364675845694283,2.8046484255380344,2.7782334083289824,2.730095905483696,2.729850772458144,2.728319297001206,2.722518279744365,2.7170978979863074,2.7183098282854368,2.718733426518604,2.7189315098618323,2.716780684300792,2.7140273978013334,2.7050468618749037,2.6994801044461623,2.69993520627464,3.2635396914140964,3.2901109027206887,3.1017651088005422,3.091826664492741,2.9823265947932955,2.967758484986581,2.947753824497207,2.8945003657095345,2.839729876223751,2.838180601679433,2.829281684173978,2.7748998479798184,2.762497887055296,2.761784013274246,2.7257790079798085,2.7173113391565296,2.718375347106221,2.71542353449346,2.7113685567912453,2.7025189521249278,2.699299169842868,3.2901109027206887,3.148733600117656,2.8945003657095345,2.839729876223751,2.800186815701426,3.226389886530065,2.744470483986772,,,,,,,,,,,,,,,,,,,,,,,,,,,,,,,
2025-07-25 00:00:00+00:00,GH,daily,44.42,45.56,44.305,45.56,1439246,,,,,,,,,,,,,,,32.2947520761164,,32.22430059351578,,,,32.52575611165597,,,,,,,34.4229103257745,,,,,,,,,,,,,,,,32.33333538364128,32.19750226281913,,,,,,,,,,,,,,,,,,,,,43.09833175576635,37.98795064712517,37.62486356974084,#000000,4.156597157282669,43.09833175576635,0.3179688081915726,32.78435697310604,-10.84437388523076,False,True,False,True,False,0.0,39.70345,0.0,0.0,0.0,0.0,0,1.0148611143594422,0.9527367838404628,False,False,False,False,0.0193277464160092,0.0369634104480634,False,False,False,False,-81331271,-78957667.48196553,False,False,False,False,2020171.6604883475,False,False,False,False,,,,,,,,,,,,,,,32.72408624421322,,,,32.47244448717395,,,,,31.875839080234293,,,33.214509971660306,,,47.59976531928422,45.787080985198834,,,,,,,,,,,,,,,,,,,,,,,,,,,,45.62232692199051,,,,,,,,,,,,,,,,,,,,,,,33.76516466448838,,,,,,,,,37.42990384701865,,,,,,,,,,,,,,,,,,,,,,,,,,46.09219348727617,,,,,,,,,,,,,,,32.12213409416058,,,,,,,,,,,,,,,,,,,,,,32.82643902519918,,,,,,,,,,,,,,,,,,,,,,,32.07228328678554,,,,,,,31.713385815609723,,,,,,,,,,,,44.38042387797943,,,,,,,,32.38151916698555,,,,,,,,,,,,33.24432595487175,34.65457210743087,,,44.38042387797943,,,,,,,,,,,,,,,,,,,,,,,,,,,,,,,,,,,,,,,,,,32.67405802556462,,,,,,,,,,,,,,,,,,,,,,,,,,,45.19979461232859,,,,,,,,,,,,,,,,,,,,,,,,,,,,,,,,,,,,,,,,,,,,,,,32.13184105822446,,,,,,,,,,,,,,,,,,,,,,,,,,,,,,,,,,,,,,,,,,,,,,,,,,,,,,,,,,,,,,,,,,,,,,45.111191850175146,42.36594529454676,,,,,,,,,,,,,,,,,,,,,,,,,,,,,,,,,,,,,,,,,,,,,,,,,,,,,,,,,,,,,,,,,,,,,,,,,,,,,,31.65614624109221,,,,,,,,,,,,,,,,,,,,,,,,,,,,,,,,,,,,,,,,,,,,,,,,,,,,,,,,,,,,,,,44.97126177162514,,,,,,,,,,,,,,,,,,,,,,,,,,,,,,,,,,,,,,,,,,33.99582973869109,,,,,,,,48.92497188760397,43.62058233010551,39.27126670600777,37.66688469550879,37.09971864278444,36.92889370840141,34.6274581017957,31.82862780937038,31.717688953346403,32.26491740696192,32.802814887514174,33.04697325689873,46.03001549883532,44.99000118781873,41.500557988453735,41.37385450238405,35.36955378965518,34.36571093108407,32.02705601887464,32.01229535664391,31.78247903653665,31.948434329958253,32.386527752455805,33.16672343812162,41.500557988453735,35.36955378965518,34.6274581017957,31.875839080234293,32.26491740696192,33.76516466448838,35.396171238746724
