date,Open,High,Low,Close,Volume,aVWAP_OB_bull_231,aVWAP_OB_bear_152,Peaks_Valleys_avg,color,StDev,StDev_Mean,StdDev_ZScore,QQEMOD,QQE1_Value,QQE1_Above_Upper,QQE1_Below_Lower,QQE2_Above_Threshold,QQE2_Below_Threshold,QQE2_Above_TL,banker_RSI,SMA_50,SMA_100,OB,OB_High,OB_Low,OB_Mitigated_Index,TTM_squeeze_Active,VI_plus,VI_minus,VI_Regular_Bullish,VI_Regular_Bearish,VI_Hidden_Bullish,VI_Hidden_Bearish,Fisher,Fisher_Signal,Fisher_Regular_Bullish,Fisher_Regular_Bearish,Fisher_Hidden_Bullish,Fisher_Hidden_Bearish,OBV,OBV_Smoothed,OBV_Regular_Bullish,OBV_Regular_Bearish,OBV_Hidden_Bullish,OBV_Hidden_Bearish,Volume_MA,Vol_Regular_Bullish,Vol_Regular_Bearish,Vol_Hidden_Bullish,Vol_Hidden_Bearish
2025-06-27 13:35:00+00:00,13.125,13.125,13.125,13.125,0.0,,,,#000000,,,,,,False,False,False,False,False,,,,0.0,0.0,0.0,0.0,0,,,False,False,False,False,,,False,False,False,False,0.0,0.0,False,False,False,False,0.0,False,False,False,False
2025-06-27 13:40:00+00:00,13.125,13.125,13.125,13.125,0.0,,,,#000000,,,,,,False,False,False,False,False,,,,0.0,0.0,0.0,0.0,0,,,False,False,False,False,,,False,False,False,False,0.0,0.0,False,False,False,False,0.0,False,False,False,False
2025-06-27 13:45:00+00:00,13.125,13.125,13.125,13.125,0.0,,,,#000000,,,,,,False,False,False,False,False,,,,0.0,0.0,0.0,0.0,0,,,False,False,False,False,,,False,False,False,False,0.0,0.0,False,False,False,False,0.0,False,False,False,False
2025-06-27 13:50:00+00:00,13.125,13.125,13.125,13.125,0.0,,,,#000000,,,,,,False,False,False,False,False,,,,0.0,0.0,0.0,0.0,0,,,False,False,False,False,,,False,False,False,False,0.0,0.0,False,False,False,False,0.0,False,False,False,False
2025-06-27 13:55:00+00:00,13.125,13.125,13.125,13.125,0.0,,,,#000000,,,,,,False,False,False,False,False,,,,0.0,0.0,0.0,0.0,0,,,False,False,False,False,,,False,False,False,False,0.0,0.0,False,False,False,False,0.0,False,False,False,False
2025-06-27 14:00:00+00:00,13.125,13.125,13.125,13.125,0.0,,,,#000000,,,,,,False,False,False,False,False,,,,0.0,0.0,0.0,0.0,0,,,False,False,False,False,,,False,False,False,False,0.0,0.0,False,False,False,False,0.0,False,False,False,False
2025-06-27 14:05:00+00:00,13.125,13.125,13.125,13.125,0.0,,,,#000000,,,,,,False,False,False,False,False,,,,0.0,0.0,0.0,0.0,0,,,False,False,False,False,,,False,False,False,False,0.0,0.0,False,False,False,False,0.0,False,False,False,False
2025-06-27 14:10:00+00:00,13.125,13.125,13.125,13.125,0.0,,,,#000000,,,,,,False,False,False,False,False,,,,0.0,0.0,0.0,0.0,0,,,False,False,False,False,,,False,False,False,False,0.0,0.0,False,False,False,False,0.0,False,False,False,False
2025-06-27 14:15:00+00:00,13.125,13.125,13.125,13.125,0.0,,,,#000000,,,,,,False,False,False,False,False,,,,0.0,0.0,0.0,0.0,0,,,False,False,False,False,,,False,False,False,False,0.0,0.0,False,False,False,False,0.0,False,False,False,False
2025-06-27 14:20:00+00:00,13.125,13.125,13.125,13.125,0.0,,,,#000000,,,,,,False,False,False,False,False,,,,0.0,0.0,0.0,0.0,0,,,False,False,False,False,,,False,False,False,False,0.0,0.0,False,False,False,False,0.0,False,False,False,False
2025-06-27 14:25:00+00:00,13.125,13.125,13.125,13.125,0.0,,,,#000000,,,,,,False,False,False,False,False,,,,0.0,0.0,0.0,0.0,0,,,False,False,False,False,,,False,False,False,False,0.0,0.0,False,False,False,False,0.0,False,False,False,False
2025-06-27 14:30:00+00:00,13.125,13.125,13.125,13.125,40.0,,,13.125,#000000,,13.125,,,,False,False,False,False,False,,,,0.0,0.0,0.0,0.0,0,,,False,False,False,False,,,False,False,False,False,0.0,0.0,False,False,False,False,0.6201550387596899,False,False,False,False
2025-06-27 14:35:00+00:00,13.125,13.125,13.125,13.125,0.0,,,13.125,#000000,,13.125,,,,False,False,False,False,False,,,,0.0,0.0,0.0,0.0,0,,,False,False,False,False,,,False,False,False,False,0.0,0.0,False,False,False,False,0.6105402319572141,False,False,False,False
2025-06-27 14:40:00+00:00,13.125,13.125,13.125,13.125,0.0,,,13.125,#000000,,13.125,,,,False,False,False,False,False,,,,0.0,0.0,0.0,0.0,0,,,False,False,False,False,,,False,False,False,False,0.0,0.0,False,False,False,False,0.6010744919268697,False,False,False,False
2025-06-27 14:45:00+00:00,13.125,13.125,13.125,13.125,0.0,,,13.125,#000000,,13.125,,,,False,False,False,False,False,,,,0.0,0.0,0.0,0.0,0,,,False,False,False,False,,,False,False,False,False,0.0,0.0,False,False,False,False,0.5917555075559104,False,False,False,False
2025-06-27 14:50:00+00:00,13.125,13.125,13.125,13.125,0.0,,,13.125,#000000,,13.125,,,,False,False,False,False,False,,,,0.0,0.0,0.0,0.0,0,,,False,False,False,False,,,False,False,False,False,0.0,0.0,False,False,False,False,0.5825810035627955,False,False,False,False
2025-06-27 14:55:00+00:00,13.125,13.125,13.125,13.125,0.0,,,13.125,#000000,,13.125,,,,False,False,False,False,False,,,,0.0,0.0,0.0,0.0,0,,,False,False,False,False,,,False,False,False,False,0.0,0.0,False,False,False,False,0.5735487399416669,False,False,False,False
2025-06-27 15:00:00+00:00,13.125,13.125,13.125,13.125,0.0,,,13.125,#000000,,13.125,,,,False,False,False,False,False,,,,0.0,0.0,0.0,0.0,0,,,False,False,False,False,,,False,False,False,False,0.0,0.0,False,False,False,False,0.5646565114154395,False,False,False,False
2025-06-27 15:05:00+00:00,13.125,13.125,13.125,13.125,0.0,,,13.125,#000000,,13.125,,,,False,False,False,False,False,,,,0.0,0.0,0.0,0.0,0,,,False,False,False,False,,,False,False,False,False,0.0,0.0,False,False,False,False,0.5559021468973706,False,False,False,False
2025-06-27 15:10:00+00:00,13.125,13.125,13.125,13.125,0.0,,,13.125,#000000,,13.125,,,,False,False,False,False,False,,,,0.0,0.0,0.0,0.0,0,,,False,False,False,False,,,False,False,False,False,0.0,0.0,False,False,False,False,0.5472835089609772,False,False,False,False
2025-06-27 15:15:00+00:00,13.125,13.125,13.125,13.125,0.0,,,13.125,#000000,,13.125,,,,False,False,False,False,False,,,,0.0,0.0,0.0,0.0,0,,,False,False,False,False,,,False,False,False,False,0.0,0.0,False,False,False,False,0.5387984933181713,False,False,False,False
2025-06-27 15:20:00+00:00,13.125,13.125,13.125,13.125,0.0,,,13.125,#000000,,13.125,,,,False,False,False,False,False,,,,0.0,0.0,0.0,0.0,0,,,False,False,False,False,,,False,False,False,False,0.0,0.0,False,False,False,False,0.5304450283054865,False,False,False,False
2025-06-27 15:25:00+00:00,13.125,13.125,13.125,13.125,0.0,,,13.125,#000000,,13.125,,,,False,False,False,False,False,,,,0.0,0.0,0.0,0.0,0,,,False,False,False,False,,,False,False,False,False,0.0,0.0,False,False,False,False,0.5222210743782696,False,False,False,False
2025-06-27 15:30:00+00:00,13.125,13.125,13.125,13.125,0.0,,,13.125,#000000,,13.125,,,,False,False,False,False,False,,,,0.0,0.0,0.0,0.0,0,,,False,False,False,False,,,False,False,False,False,0.0,0.0,False,False,False,False,0.514124623612715,False,False,False,False
2025-06-27 15:35:00+00:00,13.125,13.125,13.125,13.125,0.0,,,13.125,#000000,,13.125,,,,False,False,False,False,False,,,,0.0,0.0,0.0,0.0,0,,,False,False,False,False,,,False,False,False,False,0.0,0.0,False,False,False,False,0.5061536992156187,False,False,False,False
2025-06-27 15:40:00+00:00,13.125,13.125,13.125,13.125,0.0,,,13.125,#000000,,13.125,,,,False,False,False,False,False,,,,0.0,0.0,0.0,0.0,0,,,False,False,False,False,,,False,False,False,False,0.0,0.0,False,False,False,False,0.49830635504173315,False,False,False,False
2025-06-27 15:45:00+00:00,13.125,13.125,13.125,13.125,0.0,,,13.125,#000000,,13.125,,,,False,False,False,False,False,,,,0.0,0.0,0.0,0.0,0,,,False,False,False,False,,,False,False,False,False,0.0,0.0,False,False,False,False,0.4905806751186055,False,False,False,False
2025-06-27 15:50:00+00:00,13.125,13.125,13.125,13.125,0.0,,,13.125,#000000,,13.125,,,,False,False,False,False,False,,,,0.0,0.0,0.0,0.0,0,,,False,False,False,False,,,False,False,False,False,0.0,0.0,False,False,False,False,0.4829747731787821,False,False,False,False
2025-06-27 15:55:00+00:00,13.125,13.125,13.125,13.125,0.0,,,13.125,#000000,,13.125,,,,False,False,False,False,False,,,,0.0,0.0,0.0,0.0,0,,,False,False,False,False,,,False,False,False,False,0.0,0.0,False,False,False,False,0.4754867921992661,False,False,False,False
2025-06-27 16:00:00+00:00,13.125,13.125,13.125,13.125,0.0,,,13.125,#000000,,13.125,,,,False,False,False,False,False,,,,0.0,0.0,0.0,0.0,0,,,False,False,False,False,,,False,False,False,False,0.0,0.0,False,False,False,False,0.46811490394811467,False,False,False,False
2025-06-27 16:05:00+00:00,13.125,13.125,13.125,13.125,0.0,,,13.125,#000000,,13.125,,,,False,False,False,False,False,,,,0.0,0.0,0.0,0.0,0,,,False,False,False,False,,,False,False,False,False,0.0,0.0,False,False,False,False,0.4608573085380664,False,False,False,False
2025-06-27 16:10:00+00:00,13.125,13.125,13.125,13.125,0.0,,,13.125,#000000,,13.125,,,,False,False,False,False,False,,,,0.0,0.0,0.0,0.0,0,,,False,False,False,False,,,False,False,False,False,0.0,0.0,False,False,False,False,0.4537122339870886,False,False,False,False
2025-06-27 16:15:00+00:00,13.125,13.125,13.125,13.125,0.0,,,13.125,#000000,,13.125,,,,False,False,False,False,False,,,,0.0,0.0,0.0,0.0,0,,,False,False,False,False,,,False,False,False,False,0.0,0.0,False,False,False,False,0.4466779357857384,False,False,False,False
2025-06-27 16:20:00+00:00,13.125,13.125,13.125,13.125,0.0,,,13.125,#000000,,13.125,,,,False,False,False,False,False,,,,0.0,0.0,0.0,0.0,0,,,False,False,False,False,,,False,False,False,False,0.0,0.0,False,False,False,False,0.43975269647123083,False,False,False,False
2025-06-27 16:25:00+00:00,13.125,13.125,13.125,13.125,0.0,,,13.125,#000000,,13.125,,,,False,False,False,False,False,,,,0.0,0.0,0.0,0.0,0,,,False,False,False,False,,,False,False,False,False,0.0,0.0,False,False,False,False,0.43293482520811094,False,False,False,False
2025-06-27 16:30:00+00:00,13.125,13.125,13.125,13.125,0.0,,,13.125,#000000,,13.125,,,,False,False,False,False,False,,,,0.0,0.0,0.0,0.0,0,,,False,False,False,False,,,False,False,False,False,0.0,0.0,False,False,False,False,0.426222657375427,False,False,False,False
2025-06-27 16:35:00+00:00,13.125,13.125,13.125,13.125,0.0,,,13.125,#000000,,13.125,,,,False,False,False,False,False,,,,0.0,0.0,0.0,0.0,0,,,False,False,False,False,,,False,False,False,False,0.0,0.0,False,False,False,False,0.41961455416030413,False,False,False,False
2025-06-27 16:40:00+00:00,13.125,13.125,13.125,13.125,0.0,,,13.125,#000000,,13.125,,,,False,False,False,False,False,,,,0.0,0.0,0.0,0.0,0,,,False,False,False,False,,,False,False,False,False,0.0,0.0,False,False,False,False,0.41310890215781876,False,False,False,False
2025-06-27 16:45:00+00:00,13.125,13.125,13.125,13.125,0.0,,,13.125,#000000,,13.125,,,,False,False,False,False,False,,,,0.0,0.0,0.0,0.0,0,,,False,False,False,False,,,False,False,False,False,0.0,0.0,False,False,False,False,0.40670411297707737,False,False,False,False
2025-06-27 16:50:00+00:00,13.125,13.125,13.125,13.125,0.0,,,13.125,#000000,,13.125,,,,False,False,False,False,False,,,,0.0,0.0,0.0,0.0,0,,,False,False,False,False,,,False,False,False,False,0.0,0.0,False,False,False,False,0.4003986228534017,False,False,False,False
2025-06-27 16:55:00+00:00,13.125,13.125,13.125,13.125,0.0,,,13.125,#000000,,13.125,,,,False,False,False,False,False,,,,0.0,0.0,0.0,0.0,0,,,False,False,False,False,,,False,False,False,False,0.0,0.0,False,False,False,False,0.39419089226652726,False,False,False,False
2025-06-27 17:00:00+00:00,13.125,13.125,13.125,13.125,0.0,,,13.125,#000000,,13.125,,,,False,False,False,False,False,,,,0.0,0.0,0.0,0.0,0,,,False,False,False,False,,,False,False,False,False,0.0,0.0,False,False,False,False,0.38807940556472065,False,False,False,False
2025-06-27 17:05:00+00:00,13.125,13.125,13.125,13.125,0.0,,,13.125,#000000,,13.125,,,,False,False,False,False,False,,,,0.0,0.0,0.0,0.0,0,,,False,False,False,False,,,False,False,False,False,0.0,0.0,False,False,False,False,0.382062670594725,False,False,False,False
2025-06-27 17:10:00+00:00,13.125,13.125,13.125,13.125,0.0,,,13.125,#000000,,13.125,,,,False,False,False,False,False,,,,0.0,0.0,0.0,0.0,0,,,False,False,False,False,,,False,False,False,False,0.0,0.0,False,False,False,False,0.3761392183374424,False,False,False,False
2025-06-27 17:15:00+00:00,13.125,13.125,13.125,13.125,0.0,,,13.125,#000000,,13.125,,,,False,False,False,False,False,,,,0.0,0.0,0.0,0.0,0,,,False,False,False,False,,,False,False,False,False,0.0,0.0,False,False,False,False,0.370307602549265,False,False,False,False
2025-06-27 17:20:00+00:00,13.125,13.125,13.125,13.125,0.0,,,13.125,#000000,,13.125,,,,False,False,False,False,False,,,,0.0,0.0,0.0,0.0,0,,,False,False,False,False,,,False,False,False,False,0.0,0.0,False,False,False,False,0.3645663994089663,False,False,False,False
2025-06-27 17:25:00+00:00,13.125,13.125,13.125,13.125,0.0,,,13.125,#000000,,13.125,,,,False,False,False,False,False,,,,0.0,0.0,0.0,0.0,0,,,False,False,False,False,,,False,False,False,False,0.0,0.0,False,False,False,False,0.35891420717006756,False,False,False,False
2025-06-27 17:30:00+00:00,13.125,13.125,13.125,13.125,0.0,,,13.125,#000000,,13.125,,,,False,False,False,False,False,,,,0.0,0.0,0.0,0.0,0,,,False,False,False,False,,,False,False,False,False,0.0,0.0,False,False,False,False,0.3533496458185936,False,False,False,False
2025-06-27 17:35:00+00:00,13.125,13.125,13.125,13.125,0.0,,,13.125,#000000,,13.125,,,,False,False,False,False,False,,,,0.0,0.0,0.0,0.0,0,,,False,False,False,False,,,False,False,False,False,0.0,0.0,False,False,False,False,0.3478713567361348,False,False,False,False
2025-06-27 17:40:00+00:00,13.125,13.125,13.125,13.125,0.0,,,13.125,#000000,,13.125,,,,False,False,False,False,False,20.0,13.125,,0.0,0.0,0.0,0.0,0,,,False,False,False,False,,,False,False,False,False,0.0,0.0,False,False,False,False,0.3424780023681327,False,False,False,False
2025-06-27 17:45:00+00:00,13.125,13.125,13.125,13.125,0.0,,,13.125,#000000,,13.125,,,,False,False,False,False,False,20.0,13.125,,1.0,13.125,13.125,0.0,0,,,False,False,False,False,,,False,False,False,False,0.0,0.0,False,False,False,False,0.3371682658973089,False,False,False,False
2025-06-27 17:50:00+00:00,13.125,13.2,13.125,13.2,5.0,,,13.175,"rgba(38, 166, 154, 0.5)",,13.175000000000002,,100.0,,False,False,True,False,False,20.0,13.1265,,0.0,0.0,0.0,0.0,0,,,False,False,False,False,,,False,False,False,False,5.0,0.07751937984496124,False,False,False,False,0.409460230767118,False,False,False,False
2025-06-27 17:55:00+00:00,13.2,13.2,13.2,13.2,0.0,,,13.175,"rgba(38, 166, 154, 0.5)",,13.175000000000002,,100.0,50.0,False,False,True,False,True,20.0,13.128,,0.0,0.0,0.0,0.0,0,,,False,False,False,False,,,False,False,False,False,5.0,0.15383690883961298,False,False,False,False,0.40311201013506964,False,False,False,False
2025-06-27 18:00:00+00:00,13.2,13.2,13.2,13.2,0.0,,,13.175,"rgba(38, 166, 154, 0.5)",,13.175000000000002,,100.0,50.0,False,False,True,False,True,20.0,13.1295,,0.0,0.0,0.0,0.0,0,,,False,False,False,False,,,False,False,False,False,5.0,0.22897122033047168,False,False,False,False,0.39686221152832435,False,False,False,False
2025-06-27 18:05:00+00:00,13.2,13.2,13.2,13.2,0.0,,,13.175,"rgba(38, 166, 154, 0.5)",,13.175000000000002,,100.0,50.0,False,False,True,False,True,20.0,13.130999999999998,,0.0,0.0,0.0,0.0,0,,,False,False,False,False,,,False,False,False,False,5.0,0.30294065877496046,False,False,False,False,0.39070930902400924,False,False,False,False
2025-06-27 18:10:00+00:00,13.2,13.2,13.2,13.2,0.0,,,13.175,"rgba(38, 166, 154, 0.5)",,13.175000000000002,,100.0,50.0,False,False,True,False,True,20.0,13.1325,,0.0,0.0,0.0,0.0,0,,,False,False,False,False,,,False,False,False,False,5.0,0.3757632842203099,False,False,False,False,0.38465180035697033,False,False,False,False
2025-06-27 18:15:00+00:00,13.2,13.2,13.2,13.2,0.0,,,13.175,"rgba(38, 166, 154, 0.5)",,13.175000000000002,,100.0,50.0,False,False,True,False,True,20.0,13.134,,0.0,0.0,0.0,0.0,0,,,False,False,False,False,,,False,False,False,False,5.0,0.44745687671301826,False,False,False,False,0.3786882065529863,False,False,False,False
2025-06-27 18:20:00+00:00,13.2,13.2,13.2,13.2,0.0,,,13.175,"rgba(38, 166, 154, 0.5)",,13.175000000000002,,100.0,50.0,False,False,True,False,True,20.0,13.1355,,0.0,0.0,0.0,0.0,0,,,False,False,False,False,,,False,False,False,False,5.0,0.5180389406399482,False,False,False,False,0.3728170715676687,False,False,False,False
2025-06-27 18:25:00+00:00,13.2,13.2,13.2,13.2,0.0,,,13.175,"rgba(38, 166, 154, 0.5)",,13.175000000000002,,100.0,50.0,False,False,True,False,True,20.0,13.137,,0.0,0.0,0.0,0.0,0,,,False,False,False,False,,,False,False,False,False,5.0,0.5875267090021196,False,False,False,False,0.36703696193096064,False,False,False,False
2025-06-27 18:30:00+00:00,13.2,13.2,13.2,13.2,0.0,,,13.175,"rgba(38, 166, 154, 0.5)",,13.175000000000002,,100.0,50.0,False,False,True,False,True,20.0,13.138499999999999,,0.0,0.0,0.0,0.0,0,,,False,False,False,False,,,False,False,False,False,5.0,0.6559371476222418,False,False,False,False,0.3613464663971473,False,False,False,False
2025-06-27 18:35:00+00:00,13.2,13.2,13.2,13.2,0.0,,,13.175,"rgba(38, 166, 154, 0.5)",,13.175000000000002,,100.0,50.0,False,False,True,False,True,20.0,13.14,,0.0,0.0,0.0,0.0,0,,,False,False,False,False,,,False,False,False,False,5.0,0.7232869592870133,False,False,False,False,0.3557441956002923,False,False,False,False
2025-06-27 18:40:00+00:00,13.2,13.2,13.2,13.2,0.0,,,13.175,"rgba(38, 166, 154, 0.5)",,13.175000000000002,,100.0,50.0,False,False,True,False,True,20.0,13.1415,,0.0,0.0,0.0,0.0,0,,,False,False,False,False,,,False,False,False,False,5.0,0.7895925878251991,False,False,False,False,0.3502287817150164,False,False,False,False
2025-06-27 18:45:00+00:00,13.2,13.2,13.2,13.2,0.0,,,13.175,"rgba(38, 166, 154, 0.5)",,13.175000000000002,,100.0,50.0,False,False,True,False,True,20.0,13.142999999999999,,0.0,0.0,0.0,0.0,0,,,False,False,False,False,,,False,False,False,False,5.0,0.8548702221224829,False,False,False,False,0.3447988781225355,False,False,False,False
2025-06-27 18:50:00+00:00,13.2,13.2,13.2,13.2,0.0,,,13.175,"rgba(38, 166, 154, 0.5)",,13.175000000000002,,100.0,50.0,False,False,True,False,True,20.0,13.1445,,0.0,0.0,0.0,0.0,0,,,False,False,False,False,,,False,False,False,False,5.0,0.9191358000740723,False,False,False,False,0.339453159081876,False,False,False,False
2025-06-27 18:55:00+00:00,13.2,13.2,13.2,13.2,0.0,,,13.175,"rgba(38, 166, 154, 0.5)",,13.175000000000002,,100.0,50.0,False,False,True,False,True,20.0,13.145999999999999,,0.0,0.0,0.0,0.0,0,,,False,False,False,False,,,False,False,False,False,5.0,0.9824050124760246,False,False,False,False,0.334190319406188,False,False,False,False
2025-06-27 19:00:00+00:00,13.2,13.2,13.2,13.2,0.0,,,13.175,"rgba(38, 166, 154, 0.5)",,13.175000000000002,,100.0,50.0,False,False,True,False,True,20.0,13.1475,,0.0,0.0,0.0,0.0,0,,,False,False,False,False,,,False,False,False,False,5.0,1.0446933068562412,False,False,False,False,0.32900907414407654,False,False,False,False
2025-06-27 19:05:00+00:00,13.2,13.2,13.2,13.2,0.0,,,13.175,"rgba(38, 166, 154, 0.5)",,13.175000000000002,,100.0,50.0,False,False,True,False,True,20.0,13.149000000000001,,0.0,0.0,0.0,0.0,0,,,False,False,False,False,,,False,False,False,False,5.0,1.1060158912460667,False,False,False,False,0.32390815826587377,False,False,False,False
2025-06-27 19:10:00+00:00,13.2,13.2,13.2,13.2,0.0,,,13.175,"rgba(38, 166, 154, 0.5)",,13.175000000000002,,100.0,50.0,False,False,True,False,True,20.0,13.1505,,0.0,0.0,0.0,0.0,0,,,False,False,False,False,,,False,False,False,False,5.0,1.1663877378934144,False,False,False,False,0.31888632635477493,False,False,False,False
2025-06-27 19:15:00+00:00,13.2,13.2,13.2,13.2,0.0,,,13.175,"rgba(38, 166, 154, 0.5)",,13.175000000000002,,100.0,50.0,False,False,True,False,True,20.0,13.152000000000001,,0.0,0.0,0.0,0.0,0,,,False,False,False,False,,,False,False,False,False,5.0,1.2258235869183227,False,False,False,False,0.3139423523027629,False,False,False,False
2025-06-27 19:20:00+00:00,13.2,13.2,13.2,13.2,0.0,,,13.175,"rgba(38, 166, 154, 0.5)",,13.175000000000002,,100.0,50.0,False,False,True,False,True,20.0,13.1535,,0.0,0.0,0.0,0.0,0,,,False,False,False,False,,,False,False,False,False,5.0,1.284337949911837,False,False,False,False,0.30907502901124717,False,False,False,False
2025-06-27 19:25:00+00:00,13.2,13.205,13.2,13.205,4.0,,,13.203333333333333,"rgba(38, 166, 154, 0.5)",,13.19546296296296,,100.0,50.0,False,False,True,False,True,20.0,13.1551,,0.0,0.0,0.0,0.0,0,,,False,False,False,False,,,False,False,False,False,9.0,1.4039606173550643,False,False,False,False,0.3662986719723131,False,False,False,False
2025-06-27 19:30:00+00:00,13.205,13.205,13.205,13.205,0.0,,,13.203333333333333,"rgba(38, 166, 154, 0.5)",,13.19546296296296,,100.0,50.0,False,False,True,False,True,20.0,13.1567,,0.0,0.0,0.0,0.0,0,,,False,False,False,False,,,False,False,False,False,9.0,1.5217286697991719,False,False,False,False,0.36061962279444776,False,False,False,False
2025-06-27 19:35:00+00:00,13.205,13.205,13.125,13.125,4.0,,,13.174916666666665,"rgba(38, 166, 154, 0.5)",,13.175775641025641,,86.60445547803532,37.00632181369426,False,True,True,False,False,0.0,13.1567,,0.0,0.0,0.0,0.0,0,,,False,False,False,False,,,False,False,False,False,5.0,1.575655357089107,False,False,False,False,0.41704412476662683,False,False,False,False
2025-06-27 19:40:00+00:00,13.125,13.125,13.125,13.125,0.0,,,13.174916666666665,#000000,,13.175775641025641,,75.64446450551876,26.69662363888034,False,True,False,False,False,0.0,13.1567,,0.0,0.0,0.0,0.0,0,,,False,False,False,False,,,False,False,False,False,5.0,1.6287459717078805,False,False,False,False,0.41057832438264813,False,False,False,False
2025-06-27 19:45:00+00:00,13.125,13.145,13.125,13.145,4.0,,,13.157277777777775,"rgba(239, 83, 80, 1.0)",0.03403654633605544,13.1619477124183,-0.49792691217755614,68.95816276170778,20.727126522189238,False,True,False,True,False,0.0,13.1571,,0.0,0.0,0.0,0.0,0,,,False,False,False,False,,,False,False,False,False,9.0,1.743028979898456,False,False,False,False,0.4662282728418319,False,False,False,False
2025-06-27 19:50:00+00:00,13.145,13.145,13.145,13.145,0.0,,,13.157277777777775,"rgba(239, 83, 80, 1.0)",0.03394484132018021,13.1619477124183,-0.49927210613369344,63.48755224404427,15.983556430417892,False,True,False,True,False,0.0,13.1575,,0.0,0.0,0.0,0.0,0,,,False,False,False,False,,,False,False,False,False,9.0,1.8555401585046813,False,False,False,False,0.45899992752645463,False,False,False,False
2025-06-27 19:55:00+00:00,13.145,13.255,13.145,13.255,12.0,,,13.195233333333334,#000000,0.03607574613863747,13.192463409961686,1.7334801558362645,64.68712540051033,15.983556430417892,False,True,False,False,True,20.0,13.1601,,0.0,0.0,0.0,0.0,0,,,False,False,False,False,,,False,False,False,False,21.0,2.1523534893805776,False,False,False,False,0.637930161208215,False,False,False,False
2025-06-30 13:30:00+00:00,13.255,13.255,13.255,13.255,0.0,,,13.195233333333334,"rgba(38, 166, 154, 0.5)",0.03800758577674365,13.192463409961686,1.6453712794507491,65.66859434670982,15.983556430417892,False,True,True,False,True,20.0,13.1627,,0.0,0.0,0.0,0.0,0,,,False,False,False,False,,,False,False,False,False,21.0,2.4445650631886306,False,False,False,False,0.6280397711119636,False,False,False,False
2025-06-30 13:35:00+00:00,13.255,13.255,13.255,13.255,0.0,,,13.195233333333334,"rgba(38, 166, 154, 0.5)",0.039769380226545484,13.192463409961686,1.5724808805688284,66.47161439360033,12.510578748282612,False,True,True,False,True,20.0,13.1653,,0.0,0.0,0.0,0.0,0,,,False,False,False,False,,,False,False,False,False,21.0,2.7322462249996597,False,False,False,False,0.6183027203970495,False,False,False,False
2025-06-30 13:40:00+00:00,13.255,13.255,13.255,13.255,0.0,,,13.195233333333334,"rgba(38, 166, 154, 0.5)",0.041382853218941806,13.192463409961686,1.511171540238083,67.12863079560165,12.879149385412013,False,True,True,False,True,20.0,13.1679,,0.0,0.0,0.0,0.0,0,,,False,False,False,False,,,False,False,False,False,21.0,3.015467213759355,False,False,False,False,0.6087166317087231,False,False,False,False
2025-06-30 13:45:00+00:00,13.255,13.255,13.255,13.255,0.0,,,13.195233333333334,"rgba(38, 166, 154, 0.5)",0.04286475693839084,13.192463409961686,1.4589279049965949,67.66618966996637,13.209435238101435,False,True,True,False,True,20.0,13.170499999999999,,0.0,0.0,0.0,0.0,0,,,False,False,False,False,,,False,False,False,False,21.0,3.294297179437504,False,False,False,False,0.5992791645504484,False,False,False,False
2025-06-30 13:50:00+00:00,13.255,13.255,13.255,13.255,0.0,,,13.195233333333334,"rgba(38, 166, 154, 0.5)",0.04422831835084935,13.192463409961686,1.4139490799137258,68.10601056717387,13.512737905154367,False,False,True,False,True,20.0,13.1731,,0.0,0.0,0.0,0.0,0,,,False,False,False,False,,,False,False,False,False,21.0,3.5688041999113413,False,False,False,False,0.5899880147124569,False,False,False,False
2025-06-30 13:55:00+00:00,13.255,13.255,13.255,13.255,0.0,,,13.195233333333334,"rgba(38, 166, 154, 1.0)",0.04548418198462777,13.192463409961686,1.3749085354431616,68.46586402852546,13.797148722860399,True,False,True,False,True,20.0,13.175699999999999,,0.0,0.0,0.0,0.0,0,,,False,False,False,False,,,False,False,False,False,21.0,3.8390552975871346,False,False,False,False,0.5808409137091629,False,False,False,False
2025-06-30 14:00:00+00:00,13.255,13.255,13.255,13.255,0.0,,,13.195233333333334,"rgba(38, 166, 154, 1.0)",0.046641048309266214,13.192463409961686,1.3408058417479995,68.76028958781312,14.068320127073193,True,False,True,False,True,20.0,13.1783,,0.0,0.0,0.0,0.0,0,,,False,False,False,False,,,False,False,False,False,21.0,4.105116455764078,False,False,False,False,0.5718356282252999,False,False,False,False
2025-06-30 14:05:00+00:00,13.255,13.255,13.255,13.255,0.0,,,13.195233333333334,"rgba(38, 166, 154, 1.0)",0.047706119878625455,13.192463409961686,1.3108714395012888,69.0011832272303,14.330070786304603,True,False,True,False,True,20.0,13.1809,,0.0,0.0,0.0,0.0,0,,,False,False,False,False,,,False,False,False,False,21.0,4.367052634744479,False,False,False,False,0.562969959570644,False,False,False,False
2025-06-30 14:10:00+00:00,13.255,13.255,13.255,13.255,0.0,,,13.195233333333334,"rgba(38, 166, 154, 1.0)",0.048685421537357304,13.192463409961686,1.2845034111562372,69.19827802311708,14.584858048773569,True,False,True,False,True,20.0,13.183499999999999,,0.0,0.0,0.0,0.0,0,,,False,False,False,False,,,False,False,False,False,21.0,4.624927787694177,False,False,False,False,0.5542417431431922,False,False,False,False
2025-06-30 14:15:00+00:00,13.255,13.255,13.255,13.255,0.0,,,13.195233333333334,"rgba(38, 166, 154, 1.0)",0.04958403550112148,13.192463409961686,1.2612242913729834,69.35953740156991,14.83414474354781,True,False,True,False,True,20.0,13.1861,,0.0,0.0,0.0,0.0,0,,,False,False,False,False,,,False,False,False,False,21.0,4.878804876257058,False,False,False,False,0.545648847900662,False,False,False,False
2025-06-30 14:20:00+00:00,13.255,13.34,13.255,13.34,8.0,,,13.246110317460317,"rgba(38, 166, 154, 1.0)",0.05327491169599532,13.232528694766193,2.017296731472296,71.75945241640356,17.278618360737028,True,False,True,False,True,20.0,13.1904,,0.0,0.0,0.0,0.0,0,,,False,False,False,False,,,False,False,False,False,29.0,5.252776893679429,False,False,False,False,0.6612201835921246,False,False,False,False
2025-06-30 14:25:00+00:00,13.34,13.34,13.34,13.34,0.0,,,13.246110317460317,"rgba(38, 166, 154, 1.0)",0.056579132179612524,13.232528694766193,1.899486632149729,73.723019246722,19.26417899461059,True,False,True,False,True,20.0,13.194700000000001,,0.0,0.0,0.0,0.0,0,,,False,False,False,False,,,False,False,False,False,29.0,5.62095089532781,False,False,False,False,0.650968707877518,False,False,False,False
2025-06-30 14:30:00+00:00,13.34,13.355,13.34,13.35,124.0,,,13.330262482117746,"rgba(38, 166, 154, 1.0)",0.059946898423775694,13.325370132602114,0.4108614131088633,75.49391773377633,21.044353910454035,True,False,True,False,True,20.0,13.199200000000001,,0.0,0.0,0.0,0.0,0,,,False,False,False,False,,,False,False,False,False,153.0,7.905897393074665,False,False,False,False,2.5633567899259284,False,False,False,False
2025-06-30 14:35:00+00:00,13.36,13.42,13.36,13.42,115.0,,,13.36065494544022,"rgba(38, 166, 154, 1.0)",0.06602702149550133,13.357312672463413,0.949419284964381,77.7754007252081,23.309401957695272,True,False,True,False,True,20.0,13.2051,,0.0,0.0,0.0,0.0,0,,,False,False,False,False,,,False,False,False,False,268.0,11.938364100158779,False,False,False,False,4.306560560624751,False,False,False,False
2025-06-30 14:40:00+00:00,13.42,13.42,13.42,13.42,0.0,,,13.36065494544022,"rgba(38, 166, 154, 1.0)",0.07137327331812614,13.357312672463413,0.8783025441074516,79.64206862728865,25.151417505594196,True,False,True,False,True,20.0,13.210999999999999,,0.0,0.0,0.0,0.0,0,,,False,False,False,False,,,False,False,False,False,268.0,15.90831194356717,False,False,False,False,4.2397921798398714,False,False,False,False
2025-06-30 14:45:00+00:00,13.42,13.42,13.42,13.42,0.0,,,13.36065494544022,"rgba(38, 166, 154, 1.0)",0.07614039900315814,13.357312672463413,0.823312306703128,81.16934236535455,26.65781113584795,True,False,True,False,True,20.0,13.2169,,0.0,0.0,0.0,0.0,0,,,False,False,False,False,,,False,False,False,False,268.0,19.81671020800799,False,False,False,False,4.174058967749331,False,False,False,False
2025-06-30 14:50:00+00:00,13.42,13.42,13.42,13.42,0.0,,,13.36065494544022,"rgba(38, 166, 154, 1.0)",0.08043143798426058,13.357312672463413,0.7793883723532805,82.41892996922665,27.898113536571117,True,False,True,False,True,20.0,13.2228,,0.0,0.0,0.0,0.0,0,,,False,False,False,False,,,False,False,False,False,268.0,23.664513150519493,False,False,False,False,4.1093448752260855,False,False,False,False
2025-06-30 14:55:00+00:00,13.42,13.42,13.42,13.42,0.0,,,13.36065494544022,"rgba(38, 166, 154, 1.0)",0.08431910644516717,13.357312672463413,0.7434534138161477,83.44131982694019,28.927518848329157,True,False,True,False,True,20.0,13.228699999999998,,0.0,0.0,0.0,0.0,0,,,False,False,False,False,,,False,False,False,False,268.0,27.452660233457173,False,False,False,False,4.045634101966766,False,False,False,False
2025-06-30 15:00:00+00:00,13.42,13.42,13.42,13.42,0.0,,,13.36065494544022,"rgba(38, 166, 154, 1.0)",0.08785696811776827,13.357312672463413,0.7135157162782714,84.2778206196149,29.789745144785797,True,False,True,False,True,20.0,13.2346,,0.0,0.0,0.0,0.0,0,,,False,False,False,False,,,False,False,False,False,268.0,31.18207635386869,False,False,False,False,3.982911092633948,False,False,False,False
2025-06-30 15:05:00+00:00,13.42,13.42,13.42,13.42,0.0,,,13.36065494544022,"rgba(38, 166, 154, 1.0)",0.09108579264419504,13.357312672463413,0.6882228909338232,84.96223035907603,30.519341004874747,True,False,True,False,True,20.0,13.240499999999999,,0.0,0.0,0.0,0.0,0,,,False,False,False,False,,,False,False,False,False,268.0,34.85367206931259,False,False,False,False,3.9211605330582278,False,False,False,False
2025-06-30 15:10:00+00:00,13.42,13.42,13.42,13.42,0.0,,,13.36065494544022,"rgba(38, 166, 154, 1.0)",0.09403741827610798,13.357312672463413,0.6666211034476432,85.52220196408969,31.14354311298854,True,False,True,False,True,20.0,13.2464,,0.0,0.0,0.0,0.0,0,,,False,False,False,False,,,False,False,False,False,268.0,38.46834382017596,False,False,False,False,3.8603673464991854,False,False,False,False
2025-06-30 15:15:00+00:00,13.42,13.42,13.42,13.42,0.0,,,13.36065494544022,"rgba(38, 166, 154, 1.0)",0.09673722184397132,13.357312672463413,0.6480166200937201,85.98036055000995,31.6837702373533,True,False,True,False,True,20.0,13.2523,,0.0,0.0,0.0,0.0,0,,,False,False,False,False,,,False,False,False,False,268.0,42.02697414854532,False,False,False,False,3.800516689964314,False,False,False,False
2025-06-30 15:20:00+00:00,13.46,13.46,13.46,13.46,5.0,,,13.362506682290967,"rgba(38, 166, 154, 1.0)",0.10042925886431532,13.359191991926858,1.0037713034339846,86.8002931306457,32.588546259836605,True,False,True,False,True,20.0,13.259,13.192,0.0,0.0,0.0,0.0,0,,,False,False,False,False,,,False,False,False,False,273.0,45.60795129352911,False,False,False,False,3.8191133304299836,False,False,False,False
2025-06-30 15:25:00+00:00,13.46,13.46,13.46,13.46,0.0,,,13.362506682290967,"rgba(38, 166, 154, 1.0)",0.10379566725321508,13.359191991926858,0.9712159547779224,87.47114706025677,33.35011522816394,True,False,True,False,True,20.0,13.265699999999999,13.195350000000001,0.0,0.0,0.0,0.0,0,,,False,False,False,False,,,False,False,False,False,273.0,49.133409413009275,False,False,False,False,3.759902271043472,False,False,False,False
2025-06-30 15:30:00+00:00,13.46,13.535,13.46,13.535,100.0,,,13.41378859316788,"rgba(38, 166, 154, 1.0)",0.10943248360732773,13.405365250680102,1.1846094052389526,88.53798719366216,34.499639657248295,True,False,True,False,True,20.0,13.2724,13.199449999999999,0.0,0.0,0.0,0.0,0,,,False,False,False,False,,,False,False,False,False,373.0,54.15459686397037,False,False,False,False,5.251996809476907,False,False,False,False
2025-06-30 15:35:00+00:00,13.535,13.535,13.535,13.535,0.0,,,13.41378859316788,"rgba(38, 166, 154, 1.0)",0.11452868557623186,13.405365250680102,1.13189764352627,89.4108563937211,35.45368053616954,True,False,True,False,True,20.0,13.279100000000001,13.20355,0.0,0.0,0.0,0.0,0,,,False,False,False,False,,,False,False,False,False,373.0,59.0979364474747,False,False,False,False,5.170570502353234,False,False,False,False
2025-06-30 15:40:00+00:00,13.535,13.535,13.535,13.535,0.0,,,13.41378859316788,"rgba(38, 166, 154, 1.0)",0.11915365959379566,13.405365250680102,1.0879628016615952,90.12502210286024,36.25174209248851,True,False,True,False,True,20.0,13.2858,13.207650000000001,0.0,0.0,0.0,0.0,0,,,False,False,False,False,,,False,False,False,False,373.0,63.964635107203776,False,False,False,False,5.09040661859582,False,False,False,False
2025-06-30 15:45:00+00:00,13.535,13.535,13.535,13.535,0.0,,,13.41378859316788,"rgba(38, 166, 154, 1.0)",0.12336041825801458,13.405365250680102,1.0508617849265092,90.70933950124683,36.92521840524287,True,False,True,False,True,20.0,13.2925,13.21175,0.0,0.0,0.0,0.0,0,,,False,False,False,False,,,False,False,False,False,373.0,68.75588107453395,False,False,False,False,5.011485585749373,False,False,False,False
2025-06-30 15:50:00+00:00,13.535,13.535,13.535,13.535,0.0,,,13.41378859316788,"rgba(38, 166, 154, 1.0)",0.1271904651080964,13.405365250680102,1.019217511389114,91.18741737265404,37.49901387210579,True,False,True,False,True,20.0,13.2992,13.21585,0.0,0.0,0.0,0.0,0,,,False,False,False,False,,,False,False,False,False,373.0,73.4728441586497,False,False,False,False,4.933788134807522,False,False,False,False
2025-06-30 15:55:00+00:00,13.535,13.535,13.535,13.535,0.0,,,13.41378859316788,"rgba(38, 166, 154, 1.0)",0.13067692780081303,13.405365250680102,0.9920247705662039,91.57857199471448,37.992849142829044,True,False,True,False,True,20.0,13.3059,13.219949999999999,0.0,0.0,0.0,0.0,0,,,False,False,False,False,,,False,False,False,False,373.0,78.116676032159,False,False,False,False,4.857295295508181,False,False,False,False
2025-06-30 16:00:00+00:00,13.535,13.535,13.535,13.535,0.0,,,13.41378859316788,"rgba(38, 166, 154, 1.0)",0.13384665826208486,13.405365250680102,0.9685318333914651,91.8986075945821,38.42231222863636,True,False,True,False,True,20.0,13.3126,13.22405,0.0,0.0,0.0,0.0,0,,,False,False,False,False,,,False,False,False,False,373.0,82.68851051228057,False,False,False,False,4.781988391701852,False,False,False,False
2025-06-30 16:05:00+00:00,13.535,13.535,13.535,13.535,0.0,,,13.41378859316788,"rgba(38, 166, 154, 1.0)",0.13672168745235402,13.405365250680102,0.9481652233488868,92.1604549035647,38.79970333562008,True,False,True,False,True,20.0,13.319299999999998,13.228150000000001,0.0,0.0,0.0,0.0,0,,,False,False,False,False,,,False,False,False,False,373.0,87.18946383767158,False,False,False,False,4.707849036791746,False,False,False,False
2025-06-30 16:10:00+00:00,13.535,13.535,13.535,13.535,0.0,,,13.41378859316788,"rgba(38, 166, 154, 1.0)",0.13932026103598308,13.405365250680102,0.9304802356522746,92.37469361091411,39.13471287380938,True,False,True,False,True,20.0,13.326,13.232249999999999,0.0,0.0,0.0,0.0,0,,,False,False,False,False,,,False,False,False,False,373.0,91.6206349409635,False,False,False,False,4.634859129244587,False,False,False,False
2025-06-30 16:15:00+00:00,13.535,13.535,13.535,13.535,0.0,,,13.41378859316788,"rgba(38, 166, 154, 1.0)",0.1416575937741185,13.405365250680102,0.9151274271014959,92.54997982601816,39.43496468281165,True,False,True,False,True,20.0,13.332699999999999,13.23635,0.0,0.0,0.0,0.0,0,,,False,False,False,False,,,False,False,False,False,373.0,95.98310571707259,False,False,False,False,4.563000848171027,False,False,False,False
2025-06-30 16:20:00+00:00,13.535,13.535,13.535,13.535,0.0,,,13.41378859316788,"rgba(38, 166, 154, 1.0)",0.1437464296462187,13.405365250680102,0.901829350745951,92.69339582019421,39.70645047965206,True,False,True,False,True,20.0,13.339399999999998,13.240450000000001,0.0,0.0,0.0,0.0,0,,,False,False,False,False,,,False,False,False,False,373.0,100.27794128735053,False,False,False,False,4.492256648974577,False,False,False,False
2025-06-30 16:25:00+00:00,13.535,13.535,13.535,13.535,0.0,,,13.41378859316788,"rgba(38, 166, 154, 1.0)",0.14559746433788215,13.405365250680102,0.8903640589444595,92.81073617906551,39.95387662132076,True,False,True,False,True,20.0,13.346100000000002,13.244549999999998,0.0,0.0,0.0,0.0,0,,,False,False,False,False,,,False,False,False,False,373.0,104.50619025963965,False,False,False,False,4.422609259067995,False,False,False,False
2025-06-30 16:30:00+00:00,13.56,13.56,13.56,13.56,17.0,,,13.482622229731657,"rgba(38, 166, 154, 1.0)",0.14780931836184694,13.443832017290655,0.7859313877962616,93.10100677614096,40.3693771801273,True,False,True,False,True,20.0,13.353299999999999,13.2489,0.0,0.0,0.0,0.0,0,,,False,False,False,False,,,False,False,False,False,390.0,108.93245087576928,False,False,False,False,4.6176075651289565,False,False,False,False
2025-06-30 16:35:00+00:00,13.56,13.56,13.56,13.56,0.0,,,13.482622229731657,"rgba(38, 166, 154, 1.0)",0.14976107097098892,13.443832017290655,0.7756887818453794,93.3385009010209,40.72849904622315,True,False,True,False,True,20.0,13.360500000000002,13.253250000000001,0.0,0.0,0.0,0.0,0,,,False,False,False,False,,,False,False,False,False,390.0,113.29008729629999,False,False,False,False,4.546016750165717,False,False,False,False
2025-06-30 16:40:00+00:00,13.56,13.56,13.56,13.56,0.0,,,13.482622229731657,"rgba(38, 166, 154, 1.0)",0.1514627775163659,13.443832017290655,0.7669738044833728,93.53281427592265,41.041601508810714,True,False,True,False,True,20.0,13.3677,13.2576,0.0,0.0,0.0,0.0,0,,,False,False,False,False,,,False,False,False,False,390.0,117.58016346224882,False,False,False,False,4.475535870318186,False,False,False,False
2025-06-30 16:45:00+00:00,13.56,13.56,13.56,13.56,0.0,,,13.482622229731657,"rgba(38, 166, 154, 1.0)",0.15292278567426612,13.443832017290655,0.7596512331183265,93.69179794629682,41.316946957770284,True,False,True,False,True,20.0,13.3749,13.261949999999999,0.0,0.0,0.0,0.0,0,,,False,False,False,False,,,False,False,False,False,390.0,121.80372681942326,False,False,False,False,4.406147717289997,False,False,False,False
2025-06-30 16:50:00+00:00,13.56,13.56,13.56,13.56,0.0,,,13.482622229731657,"rgba(38, 166, 154, 1.0)",0.15414796331639846,13.443832017290655,0.7536134776617428,93.82187549478476,41.56112373034304,True,False,True,False,True,20.0,13.382100000000001,13.266300000000001,0.0,0.0,0.0,0.0,0,,,False,False,False,False,,,False,False,False,False,390.0,125.96180857416088,False,False,False,False,4.337835349580074,False,False,False,False
2025-06-30 16:55:00+00:00,13.56,13.56,13.56,13.56,0.0,,,13.482622229731657,"rgba(38, 166, 154, 1.0)",0.15514387394164408,13.443832017290655,0.7487758282550125,93.92830257991127,41.77938589206886,True,False,True,False,True,20.0,13.3893,13.27065,0.0,0.0,0.0,0.0,0,,,False,False,False,False,,,False,False,False,False,390.0,130.0554239451041,False,False,False,False,4.270582088346274,False,False,False,False
2025-06-30 17:00:00+00:00,13.56,13.56,13.56,13.56,0.0,,,13.482622229731657,"rgba(38, 166, 154, 1.0)",0.1559149109593389,13.443832017290655,0.7450729503327702,94.01537928592387,41.975925875824956,True,False,True,False,True,20.0,13.396500000000001,13.275,0.0,0.0,0.0,0.0,0,,,False,False,False,False,,,False,False,False,False,390.0,134.08557241107147,False,False,False,False,4.204371513333154,False,False,False,False
2025-06-30 17:05:00+00:00,13.56,13.56,13.56,13.56,0.0,,,13.482622229731657,"rgba(38, 166, 154, 1.0)",0.1564643988519664,13.443832017290655,0.7424563259227698,94.08662386357054,42.154092905215435,True,False,True,False,True,20.0,13.403599999999999,13.279349999999999,0.0,0.0,0.0,0.0,0,,,False,False,False,False,,,False,False,False,False,390.0,138.05323795508585,False,False,False,False,4.139187458862872,False,False,False,False
2025-06-30 17:10:00+00:00,13.56,13.56,13.56,13.56,0.0,,,13.482622229731657,"rgba(38, 166, 154, 1.0)",0.15679466689771912,13.443832017290655,0.7408924359979981,94.1449148816451,42.316567688243794,True,False,True,False,True,20.0,13.410699999999999,13.2837,0.0,0.0,0.0,0.0,0,,,False,False,False,False,,,False,False,False,False,390.0,141.95938930461938,False,False,False,False,4.075014009888253,False,False,False,False
2025-06-30 17:15:00+00:00,13.56,13.56,13.56,13.56,0.0,,,13.482622229731657,"rgba(38, 166, 154, 1.0)",0.156907099386347,13.443832017290655,0.7403615461866982,94.19260753279698,42.46550188140773,True,False,True,False,True,20.0,13.419399999999998,13.28805,0.0,0.0,0.0,0.0,0,,,False,False,False,False,,,False,False,False,False,390.0,145.80498016811364,False,False,False,False,4.01183549810704,False,False,False,False
2025-06-30 17:20:00+00:00,13.56,13.56,13.56,13.56,0.0,,,13.482622229731657,"rgba(38, 166, 154, 1.0)",0.15680216490507415,13.443832017290655,0.7408570078077193,94.23162879283035,42.60262920918373,True,False,True,False,True,20.0,13.428099999999999,13.2924,0.0,0.0,0.0,0.0,0,,,False,False,False,False,,,False,False,False,False,390.0,149.5909494678328,False,False,False,False,3.9496364981363876,False,False,False,False
2025-06-30 17:25:00+00:00,13.56,13.56,13.49,13.49,100.0,,,13.513333333333332,"rgba(38, 166, 154, 0.5)",0.15543942361709134,13.503354013941879,-0.0859113706878804,86.56081756868612,38.324185578349045,False,True,True,False,False,20.0,13.435,13.296050000000001,0.0,0.0,0.0,0.0,0,,,False,False,False,False,,,False,False,False,False,290.0,151.76783397220746,False,False,False,False,5.438789420645901,False,False,False,False
2025-06-30 17:30:00+00:00,13.49,13.49,13.49,13.49,0.0,,,13.513333333333332,"rgba(38, 166, 154, 0.5)",0.15390874211980313,13.503354013941879,-0.08676579223474903,80.28469929438629,32.3275555972548,False,True,True,False,False,20.0,13.4419,13.2997,0.0,0.0,0.0,0.0,0,,,False,False,False,False,,,False,False,False,False,290.0,153.9109683292275,False,False,False,False,5.35446710404674,False,False,False,False
2025-06-30 17:35:00+00:00,13.49,13.49,13.49,13.49,0.0,,,13.513333333333332,"rgba(239, 83, 80, 1.0)",0.15352973125221556,13.503354013941879,-0.08697998643624733,75.14969343359552,27.552556866755594,False,True,False,True,False,20.0,13.4466,13.30335,0.0,0.0,0.0,0.0,0,,,False,False,False,False,,,False,False,False,False,290.0,156.02087579699142,False,False,False,False,5.27145211018555,False,False,False,False
2025-06-30 17:40:00+00:00,13.49,13.49,13.49,13.49,0.0,,,13.513333333333332,"rgba(239, 83, 80, 1.0)",0.15305080708558422,13.503354013941879,-0.0872521628351231,70.94832500203944,23.744806629350762,False,True,False,True,False,20.0,13.451300000000002,13.307,0.0,0.0,0.0,0.0,0,,,False,False,False,False,0.2276455218489372,0.2276455218489372,False,False,False,False,290.0,158.09807152106907,False,False,False,False,5.189724170492751,False,False,False,False
2025-06-30 17:45:00+00:00,13.49,13.49,13.49,13.49,0.0,,,13.513333333333332,"rgba(239, 83, 80, 1.0)",0.1524710281148966,13.503354013941879,-0.0875839436972597,67.51084173985718,20.701313786023377,False,True,False,True,False,20.0,13.456000000000001,13.31065,0.0,0.0,0.0,0.0,0,1.43283582089552,0.5522388059701493,False,False,False,False,0.2276455218489372,0.2276455218489372,False,False,False,False,290.0,160.1430626602773,False,False,False,False,5.109263330640149,False,False,False,False
2025-06-30 17:50:00+00:00,13.49,13.49,13.49,13.49,0.0,,,13.513333333333332,"rgba(239, 83, 80, 1.0)",0.15178923865996613,13.503354013941879,-0.08797734318829863,64.69835543443534,18.260429588574965,False,True,False,True,False,20.0,13.4607,13.314300000000001,0.0,0.0,0.0,0.0,0,1.43283582089552,0.5522388059701493,False,False,False,False,0.2276455218489372,0.2276455218489372,False,False,False,False,290.0,162.15634851050555,False,False,False,False,5.030049945668984,False,False,False,False
2025-06-30 17:55:00+00:00,13.49,13.49,13.49,13.49,0.0,,,13.513333333333332,"rgba(239, 83, 80, 1.0)",0.15100405698266658,13.503354013941879,-0.08843480240674119,62.39723027545384,16.293715150279994,False,True,False,True,False,20.0,13.465399999999999,13.317950000000002,0.0,0.0,0.0,0.0,0,1.43283582089552,0.5522388059701493,False,False,False,False,0.2276455218489372,0.2276455218489372,False,False,False,False,290.0,164.13842062662175,False,False,False,False,4.952064675193496,False,False,False,False
2025-06-30 18:00:00+00:00,13.49,13.49,13.49,13.49,0.0,,,13.513333333333332,"rgba(239, 83, 80, 1.0)",0.15011386068971236,13.503354013941879,-0.0889592332148552,60.514491509014434,14.6993663818416,False,True,False,True,False,20.0,13.4701,13.3216,0.0,0.0,0.0,0.0,0,1.43283582089552,0.5522388059701493,False,False,False,False,0.2276455218489372,0.2276455218489372,False,False,False,False,290.0,166.08976294248808,False,False,False,False,4.8752884786788675,False,False,False,False
2025-06-30 18:05:00+00:00,13.49,13.49,13.49,13.49,0.0,,,13.513333333333332,"rgba(239, 83, 80, 1.0)",0.14911676904630816,13.503354013941879,-0.0895540724714289,58.974068881927636,13.396903583219952,False,True,False,True,False,20.0,13.4748,13.32525,0.0,0.0,0.0,0.0,0,1.43283582089552,0.5522388059701493,False,False,False,False,0.2276455218489372,0.2276455218489372,False,False,False,False,290.0,168.01085188911617,False,False,False,False,4.799702610792373,False,False,False,False
2025-06-30 18:10:00+00:00,13.49,13.49,13.49,13.49,0.0,,,13.513333333333332,"rgba(239, 83, 80, 1.0)",0.14801062172744003,13.503354013941879,-0.09022334874364409,57.71372309612936,12.32288728503947,False,True,False,True,False,20.0,13.4795,13.3289,0.0,0.0,0.0,0.0,0,1.43283582089552,0.5522388059701493,False,False,False,False,0.2276455218489372,0.2276455218489372,False,False,False,False,290.0,169.90215651099032,False,False,False,False,4.7252886168265995,False,False,False,False
2025-06-30 18:15:00+00:00,13.49,13.49,13.49,13.49,0.0,,,13.513333333333332,"rgba(239, 83, 80, 1.0)",0.14679295341115792,13.503354013941879,-0.09097176418594594,56.68253108956712,11.427466281755414,False,True,False,True,False,20.0,13.484200000000001,13.332550000000001,0.0,0.0,0.0,0.0,0,1.43283582089552,0.5522388059701493,False,False,False,False,0.2276455218489372,0.2276455218489372,False,False,False,False,290.0,171.76413858058737,False,False,False,False,4.652028328193629,False,False,False,False
2025-06-30 18:20:00+00:00,13.49,13.63,13.49,13.63,200.0,,,13.583333333333332,"rgba(239, 83, 80, 0.75)",0.14755890562968357,13.572833333333332,0.38741590297596473,61.2389109001921,11.427466281755414,False,True,False,True,True,20.0,13.491700000000002,13.3376,0.0,0.0,0.0,0.0,0,1.3580246913580227,0.45679012345679004,False,False,False,False,0.3428280841493244,0.2852368029991308,False,False,False,False,490.0,176.69802790491934,False,False,False,False,7.680679051787527,False,False,False,False
2025-06-30 18:25:00+00:00,13.63,13.63,13.63,13.63,0.0,,,13.583333333333332,"rgba(38, 166, 154, 0.5)",0.14809611561232358,13.572833333333332,0.3860105744860738,64.96685801797618,9.798943965082302,False,False,True,False,True,20.0,13.4992,13.34265,0.0,0.0,0.0,0.0,0,1.5308641975308623,0.45679012345679004,False,False,False,False,0.3428281077505559,0.31403245537484337,False,False,False,False,490.0,181.55542282112214,False,False,False,False,7.561598756410976,False,False,False,False
2025-06-30 18:30:00+00:00,13.63,13.63,13.63,13.63,0.0,,,13.583333333333332,"rgba(38, 166, 154, 1.0)",0.14840706741141724,13.572833333333332,0.38520178091108276,68.01699656889042,12.6280100324188,True,False,True,False,True,20.0,13.505,13.3477,0.0,0.0,0.0,0.0,0,1.5308641975308623,0.45679012345679004,False,False,False,False,0.3428281077505559,0.3284302815626996,False,False,False,False,490.0,186.3375092890117,False,False,False,False,7.444364667164294,False,False,False,False
2025-06-30 18:35:00+00:00,13.63,13.63,13.63,13.63,0.0,,,13.583333333333332,"rgba(38, 166, 154, 1.0)",0.14849318242001727,13.572833333333332,0.38497839250943827,70.51256447418389,14.923532054220217,True,False,True,False,True,20.0,13.5108,13.35275,0.0,0.0,0.0,0.0,0,1.5308641975308623,0.45679012345679004,False,False,False,False,0.3428281077505559,0.33562919465662777,False,False,False,False,490.0,191.04545488143012,False,False,False,False,7.32894816069663,False,False,False,False
2025-06-30 18:40:00+00:00,13.63,13.63,13.63,13.63,0.0,,,13.583333333333332,"rgba(38, 166, 154, 1.0)",0.14835485216925495,13.572833333333332,0.3853373572267712,72.55439276033309,16.79795865035601,True,False,True,False,True,20.0,13.516399999999999,13.3578,0.0,0.0,0.0,0.0,0,1.5308641975308623,0.45679012345679004,False,False,False,False,0.3428281077505559,0.3392286512035918,False,False,False,False,490.0,195.68040906931492,False,False,False,False,7.215321057430015,False,False,False,False
2025-06-30 18:45:00+00:00,13.63,13.64,13.63,13.64,80.0,,,13.602380952380951,"rgba(38, 166, 154, 1.0)",0.14818107379361906,13.591503759398497,0.32727688739148275,74.40685939572774,18.51682025887773,True,False,True,False,True,20.0,13.5208,13.362950000000001,0.0,0.0,0.0,0.0,0,1.5243902439024373,0.451219512195122,False,False,False,False,0.3428281091884462,0.341028380196019,False,False,False,False,570.0,201.48381357986818,False,False,False,False,8.343765692198541,False,False,False,False
2025-06-30 18:50:00+00:00,13.64,13.64,13.64,13.64,0.0,,,13.602380952380951,"rgba(38, 166, 154, 1.0)",0.14777121957043157,13.591503759398497,0.3281846136377639,75.92251391559608,19.93768546275146,True,False,True,False,True,20.0,13.525200000000002,13.3681,0.0,0.0,0.0,0.0,0,1.5365853658536566,0.451219512195122,False,False,False,False,0.3428281105984163,0.34192824539721767,False,False,False,False,570.0,207.19724282669193,False,False,False,False,8.214404983792363,False,False,False,False
2025-06-30 18:55:00+00:00,13.64,13.64,13.64,13.64,0.0,,,13.602380952380951,"rgba(38, 166, 154, 1.0)",0.14712331654183727,13.591503759398497,0.3296298760891,77.16259488639747,21.12363294300161,True,False,True,False,True,20.0,13.5296,13.37325,0.0,0.0,0.0,0.0,0,1.5365853658536566,0.451219512195122,False,False,False,False,0.3428281105984163,0.342378177997817,False,False,False,False,570.0,212.82209177511533,False,False,False,False,8.087049867764575,False,False,False,False
2025-06-30 19:00:00+00:00,13.64,13.64,13.64,13.64,0.0,,,13.602380952380951,"rgba(38, 166, 154, 1.0)",0.1462342006558002,13.591503759398497,0.3316340526635875,78.17720658978043,22.124347787370525,True,False,True,False,True,20.0,13.534,13.3784,0.0,0.0,0.0,0.0,0,1.5365853658536566,0.451219512195122,False,False,False,False,0.3428281105984163,0.34260314429811667,False,False,False,False,570.0,218.35973376309803,False,False,False,False,7.961669249659698,False,False,False,False
2025-06-30 19:05:00+00:00,13.64,13.64,13.64,13.64,0.0,,,13.602380952380951,"rgba(38, 166, 154, 1.0)",0.1450994377895595,13.591503759398497,0.3342276258288353,79.00734343800283,22.978852662368993,True,False,True,False,True,20.0,13.538400000000001,13.38355,0.0,0.0,0.0,0.0,0,1.5365853658536566,0.451219512195122,False,False,False,False,0.3428281105984163,0.34271562744826645,False,False,False,False,570.0,223.8115208365384,False,False,False,False,7.838232517106834,False,False,False,False
2025-06-30 19:10:00+00:00,13.64,13.64,13.64,13.64,0.0,,,13.602380952380951,"rgba(38, 166, 154, 1.0)",0.1438326104185669,13.591503759398497,0.33717138596299184,79.68654631382117,23.71770246135773,True,False,True,False,True,20.0,13.5428,13.388700000000002,0.0,0.0,0.0,0.0,0,1.5365853658536566,0.451219512195122,False,False,False,False,0.3428281105984163,0.34277186902334134,False,False,False,False,570.0,229.17878407938275,False,False,False,False,7.7167095323454875,False,False,False,False
2025-06-30 19:15:00+00:00,13.64,13.64,13.64,13.64,0.0,,,13.602380952380951,"rgba(38, 166, 154, 1.0)",0.14231515591672952,13.591503759398497,0.3407665212402188,80.24225775767253,24.364745008186205,True,False,True,False,True,20.0,13.5472,13.39385,0.0,0.0,0.0,0.0,0,1.5365853658536566,0.451219512195122,False,False,False,False,0.3428281105984163,0.3427999898108788,False,False,False,False,570.0,234.46283393861714,False,False,False,False,7.597070624867262,False,False,False,False
2025-06-30 19:20:00+00:00,13.64,13.64,13.64,13.64,0.0,,,13.602380952380951,"rgba(38, 166, 154, 1.0)",0.13818328995077905,13.591503759398497,0.3509558979148466,80.69693075718729,24.938531138621855,True,False,True,False,True,20.0,13.5516,13.399000000000001,0.0,0.0,0.0,0.0,0,1.5365853658536566,0.451219512195122,False,False,False,False,0.3428281105984163,0.3428140502046475,False,False,False,False,570.0,239.66496054421998,False,False,False,False,7.479286584171645,False,False,False,False
2025-06-30 19:25:00+00:00,13.64,13.64,13.64,13.64,0.0,,,13.602380952380951,"rgba(38, 166, 154, 1.0)",0.13356669893001977,13.591503759398497,0.3630863156011075,81.06893593860846,25.453441796831953,True,False,True,False,True,20.0,13.556,13.40415,0.0,0.0,0.0,0.0,0,1.5365853658536566,0.451219512195122,False,False,False,False,0.3428281105984163,0.3428210804015319,False,False,False,False,570.0,244.78643402415454,False,False,False,False,7.363328652634101,False,False,False,False
2025-06-30 19:30:00+00:00,13.64,13.64,13.64,13.64,0.0,,,13.602380952380951,"rgba(38, 166, 154, 1.0)",0.12914305218604458,13.591503759398497,0.37552341980921405,81.37330381431669,25.920587013885736,True,False,True,False,True,20.0,13.5596,13.4093,0.0,0.0,0.0,0.0,0,1.5365853658536566,0.451219512195122,False,False,False,False,0.3428281105984163,0.3428245954999741,False,False,False,False,570.0,249.82850481447772,False,False,False,False,7.249168518484734,False,False,False,False
2025-06-30 19:35:00+00:00,13.64,13.64,13.64,13.64,0.0,,,13.602380952380951,"rgba(38, 166, 154, 1.0)",0.12420746956401221,13.591503759398497,0.39044544399570097,81.62233207625978,26.34852124246474,True,False,True,False,True,20.0,13.563200000000002,13.414449999999999,0.0,0.0,0.0,0.0,0,1.5365853658536566,0.451219512195122,False,False,False,False,0.3428281105984163,0.3428263530491952,False,False,False,False,570.0,254.79240396464087,False,False,False,False,7.136778308895823,False,False,False,False
2025-06-30 19:40:00+00:00,13.64,13.64,13.64,13.64,0.0,,,13.602380952380951,"rgba(38, 166, 154, 1.0)",0.12233637721131327,13.591503759398497,0.39641717130249043,81.82608247239504,26.74381106802899,True,False,True,False,True,20.0,13.5653,13.418849999999999,0.0,0.0,0.0,0.0,0,1.5365853658536566,0.451219512195122,False,False,False,False,0.3428281105984163,0.3428272318238057,False,False,False,False,570.0,259.6793434380573,False,False,False,False,7.026130583176508,False,False,False,False
2025-06-30 19:45:00+00:00,13.64,13.64,13.64,13.64,0.0,,,13.602380952380951,"rgba(38, 166, 154, 1.0)",0.12021426067013857,13.591503759398497,0.4034150385416779,81.99278734196025,27.11148444338839,True,False,True,False,True,20.0,13.5674,13.423249999999998,-1.0,13.64,13.64,232.0,0,1.5365853658536566,0.451219512195122,False,False,False,False,0.3428281105984163,0.342827671211111,False,False,False,False,570.0,264.49051640800985,False,False,False,False,6.917198326072996,False,False,False,False
2025-06-30 19:50:00+00:00,13.64,13.64,13.45,13.45,21.0,,13.513333333333335,13.513333333333335,"rgba(38, 166, 154, 0.5)",0.11691754236089333,13.53804063462825,-0.7530147559593054,71.93420297861624,26.90566588940942,False,True,True,False,False,0.0,13.565700000000001,13.42575,0.0,0.0,0.0,0.0,0,1.2475247524752449,0.5544554455445548,False,False,False,False,0.2113437406200656,0.27708570591558834,False,False,False,False,549.0,268.9015161536221,False,False,False,False,7.135536336521477,False,False,False,False
2025-06-30 19:55:00+00:00,13.45,13.45,13.45,13.45,0.0,,13.513333333333335,13.513333333333335,"rgba(239, 83, 80, 1.0)",0.113464762160998,13.53804063462825,-0.7759293101353069,63.70445213588023,18.94612255274683,False,True,False,True,False,0.0,13.564,13.42825,0.0,0.0,0.0,0.0,0,1.2475247524752449,0.7425742574257437,False,False,False,False,0.0867215214211612,0.18190361366837476,False,False,False,False,549.0,273.2441283062791,False,False,False,False,7.02490786618781,False,False,False,False
2025-07-01 13:30:00+00:00,13.45,13.45,13.45,13.45,0.0,,13.513333333333335,13.513333333333335,"rgba(239, 83, 80, 1.0)",0.10984120397232407,13.53804063462825,-0.801526489553345,56.97101962818713,12.581144396035313,False,True,False,True,False,0.0,13.5623,13.43075,0.0,0.0,0.0,0.0,0,1.2475247524752449,0.7425742574257437,False,False,False,False,0.0867215214211612,0.13431256754476797,False,False,False,False,549.0,277.5194131387399,False,False,False,False,6.9159945659368365,False,False,False,False
2025-07-01 13:35:00+00:00,13.45,13.45,13.45,13.45,0.0,,13.513333333333335,13.513333333333335,"rgba(239, 83, 80, 1.0)",0.10602936020378907,13.53804063462825,-0.8303420341218245,51.46184757643823,7.479594282455494,False,True,False,True,False,0.0,13.560599999999999,13.433250000000001,0.0,0.0,0.0,0.0,0,1.2475247524752449,0.7425742574257437,False,False,False,False,0.0867215214211612,0.1105170444829646,False,False,False,False,549.0,281.7284144854261,False,False,False,False,6.808769843984328,False,False,False,False
2025-07-01 13:40:00+00:00,13.45,13.45,13.45,13.45,0.0,,13.513333333333335,13.513333333333335,"rgba(239, 83, 80, 1.0)",0.10200812544918808,13.53804063462825,-0.8630747231219765,46.95434317046186,3.377311311515186,False,True,False,True,False,0.0,13.558900000000001,13.435749999999999,0.0,0.0,0.0,0.0,0,1.2475247524752449,0.7425742574257437,False,False,False,False,0.0867215214211612,0.0986192829520629,False,False,False,False,549.0,285.87215999727994,False,False,False,False,6.703207520821779,False,False,False,False
2025-07-01 13:45:00+00:00,13.45,13.45,13.45,13.45,0.0,,13.513333333333335,13.513333333333335,"rgba(239, 83, 80, 1.0)",0.09775166181394072,13.53804063462825,-0.9006561422538808,43.26638502011756,0.06399158664990523,False,True,False,True,False,0.0,13.557200000000002,13.43825,0.0,0.0,0.0,0.0,0,1.2475247524752449,0.7425742574257437,False,False,False,False,0.0867215214211612,0.09267040218661204,False,False,False,False,549.0,289.9516613926709,False,False,False,False,6.599281822824542,False,False,False,False
2025-07-01 13:50:00+00:00,13.45,13.45,13.45,13.45,0.0,,13.513333333333335,13.513333333333335,"rgba(239, 83, 80, 1.0)",0.09322775560107666,13.53804063462825,-0.944360765317331,40.248964715290406,-2.627425050059763,False,True,False,True,False,0.0,13.5555,13.440750000000001,0.0,0.0,0.0,0.0,0,1.2475247524752449,0.7425742574257437,False,False,False,False,0.0867215214211612,0.08969596180388661,False,False,False,False,549.0,293.96791470441246,False,False,False,False,6.496967375959045,False,False,False,False
2025-07-01 13:55:00+00:00,13.45,13.45,13.45,13.45,0.0,,13.513333333333335,13.513333333333335,"rgba(239, 83, 80, 1.0)",0.08839535473506753,13.53804063462825,-0.9959871182385,37.78016628406819,-4.829332659516645,False,True,False,True,False,0.0,13.5538,13.44325,0.0,0.0,0.0,0.0,0,1.2475247524752449,0.7425742574257437,False,False,False,False,0.0867215214211612,0.0882087416125239,False,False,False,False,549.0,297.9219005229487,False,False,False,False,6.396239199587587,False,False,False,False
2025-07-01 14:00:00+00:00,13.45,13.45,13.45,13.45,0.0,,13.513333333333335,13.513333333333335,"rgba(239, 83, 80, 1.0)",0.08320072331632739,13.53804063462825,-1.0581715052346508,35.760240294886366,-6.646384313957242,False,True,False,True,False,0.0,13.552100000000001,13.44575,0.0,0.0,0.0,0.0,0,1.2475247524752449,0.7425742574257437,False,False,False,False,0.0867215214211612,0.08746513151684254,False,False,False,False,549.0,301.8145842357712,False,False,False,False,6.297072700369174,False,False,False,False
2025-07-01 14:05:00+00:00,13.45,13.45,13.45,13.45,0.0,,13.513333333333335,13.513333333333335,"rgba(239, 83, 80, 1.0)",0.08086926386358134,13.53804063462825,-1.0886785710918045,34.10757357646488,-8.161076573597256,False,True,False,True,False,0.0,13.5504,13.448249999999998,0.0,0.0,0.0,0.0,0,1.2475247524752449,0.7425742574257437,False,False,False,False,0.0867215214211612,0.08709332646900186,False,False,False,False,549.0,305.64691626312356,False,False,False,False,6.199443666254924,False,False,False,False
2025-07-01 14:10:00+00:00,13.45,13.45,13.45,13.45,0.0,,13.513333333333335,13.513333333333335,"rgba(239, 83, 80, 1.0)",0.07844077354893095,13.53804063462825,-1.1223835595314542,32.75539171593821,-9.438247165194511,False,True,False,True,False,0.0,13.5482,13.450750000000001,0.0,0.0,0.0,0.0,0,1.2475247524752449,0.7425742574257437,False,False,False,False,0.0867215214211612,0.08690742394508152,False,False,False,False,549.0,309.4198322900519,False,False,False,False,6.103328260576553,False,False,False,False
2025-07-01 14:15:00+00:00,13.45,13.45,13.45,13.45,0.0,,13.513333333333335,13.513333333333335,"rgba(239, 83, 80, 1.0)",0.07622973811428642,13.53804063462825,-1.154938175128663,31.649061102780024,-10.5286923433138,False,True,False,True,False,0.0,13.546,13.45325,0.0,0.0,0.0,0.0,0,1.2475247524752449,0.7425742574257437,False,False,False,False,0.0867215214211612,0.08681447268312137,False,False,False,False,549.0,313.13425349485726,False,False,False,False,6.008703016226528,False,False,False,False
2025-07-01 14:20:00+00:00,13.45,13.45,13.45,13.45,0.0,,13.513333333333335,13.513333333333335,"rgba(239, 83, 80, 1.0)",0.07573674177077977,13.53804063462825,-1.1624560625371012,30.743881510196054,-11.4720718112778,False,True,False,True,False,0.0,13.543800000000001,13.45575,0.0,0.0,0.0,0.0,0,1.2475247524752449,0.7425742574257437,False,False,False,False,0.0867215214211612,0.08676799705214128,False,False,False,False,549.0,316.79108677400677,False,False,False,False,5.915544829928442,False,False,False,False
2025-07-01 14:25:00+00:00,13.45,13.45,13.45,13.45,0.0,,13.513333333333335,13.513333333333335,"rgba(239, 83, 80, 1.0)",0.07523835996890507,13.53804063462825,-1.170156216385309,30.00328002535462,-12.299237617417084,False,True,False,True,False,0.0,13.541599999999999,13.45825,0.0,0.0,0.0,0.0,0,1.2475247524752449,0.7425742574257437,False,False,False,False,0.0867215214211612,0.08674475923665123,False,False,False,False,549.0,320.391224963557,False,False,False,False,5.823830956596218,False,False,False,False
2025-07-01 14:30:00+00:00,13.45,13.45,13.45,13.45,0.0,,13.513333333333335,13.513333333333335,"rgba(239, 83, 80, 1.0)",0.07473448496673389,13.53804063462825,-1.1780456460954918,29.397333355938905,-13.034097810573869,False,True,False,True,False,0.0,13.5394,13.460749999999997,0.0,0.0,0.0,0.0,0,1.2475247524752449,0.7425742574257437,False,False,False,False,0.0867215214211612,0.08673314032890622,False,False,False,False,549.0,323.9355470571453,False,False,False,False,5.7335390037807725,False,False,False,False
2025-07-01 14:35:00+00:00,13.45,13.45,13.45,13.45,0.0,,13.513333333333335,13.513333333333335,"rgba(239, 83, 80, 1.0)",0.07422500489290036,13.53804063462825,-1.186131745700578,28.901558808235137,-13.69510476441166,False,True,False,True,False,0.0,13.537199999999999,13.46325,0.0,0.0,0.0,0.0,0,1.2475247524752449,0.7425742574257437,False,False,False,False,0.0867215214211612,0.0867273308750337,False,False,False,False,549.0,327.4249184206004,False,False,False,False,5.644646926202776,False,False,False,False
2025-07-01 14:40:00+00:00,13.45,13.45,13.45,13.45,0.0,,13.513333333333335,13.513333333333335,"rgba(239, 83, 80, 1.0)",0.07370980352120651,13.53804063462825,-1.1944223213526857,28.495925087386603,-14.296441086876825,False,True,False,True,False,0.0,13.535,13.46575,0.0,0.0,0.0,0.0,0,1.2475247524752449,0.7425742574257437,False,False,False,False,0.0867215214211612,0.08672442614809744,False,False,False,False,549.0,330.86019100322676,False,False,False,False,5.557133020370174,False,False,False,False
2025-07-01 14:45:00+00:00,13.45,13.45,13.45,13.45,0.0,,13.513333333333335,13.513333333333335,"rgba(239, 83, 80, 1.0)",0.0731887600290805,13.53804063462825,-1.2029256212739248,28.164042952146893,-14.848962203626186,False,True,False,True,False,0.0,13.532800000000002,13.468200000000001,0.0,0.0,0.0,0.0,0,1.2475247524752449,0.7425742574257437,False,False,False,False,0.0867215214211612,0.08672297378462931,False,False,False,False,549.0,334.2422035458124,False,False,False,False,5.470975919279164,False,False,False,False
2025-07-01 14:50:00+00:00,13.45,13.45,13.45,13.45,0.0,,13.513333333333335,13.513333333333335,"rgba(239, 83, 80, 1.0)",0.07266174873844883,13.53804063462825,-1.2116503684099103,27.892503023314404,-15.360943458058784,False,True,False,True,False,0.0,13.5306,13.470650000000001,0.0,0.0,0.0,0.0,0,1.2475247524752449,0.7425742574257437,False,False,False,False,0.0867215214211612,0.08672224760289526,False,False,False,False,549.0,337.5717817854122,False,False,False,False,5.386154587197316,False,False,False,False
2025-07-01 14:55:00+00:00,13.45,13.45,13.45,13.45,0.0,,13.513333333333335,13.513333333333335,"rgba(239, 83, 80, 1.0)",0.07212863883742908,13.53804063462825,-1.2206057960789314,27.670333990633274,-15.838670428681837,False,True,False,True,False,0.0,13.528400000000001,13.473899999999999,0.0,0.0,0.0,0.0,0,1.2475247524752449,0.7425742574257437,False,False,False,False,0.0867215214211612,0.08672188451202822,False,False,False,False,549.0,340.8497386569562,False,False,False,False,5.30264831452759,False,False,False,False
2025-07-01 15:00:00+00:00,13.45,13.45,13.45,13.45,0.0,,13.513333333333335,13.513333333333335,"rgba(239, 83, 80, 1.0)",0.07158929408107591,13.53804063462825,-1.2298016869469695,27.48855932753053,-16.286903737431302,False,True,False,True,False,0.0,13.5262,13.47715,0.0,0.0,0.0,0.0,0,1.2475247524752449,0.7425742574257437,False,False,False,False,0.0867215214211612,0.0867217029665947,False,False,False,False,549.0,344.0768744917321,False,False,False,False,5.220436712751969,False,False,False,False
2025-07-01 15:05:00+00:00,13.45,13.45,13.45,13.45,0.0,,13.513333333333335,13.513333333333335,"rgba(239, 83, 80, 1.0)",0.07173210923634717,13.53804063462825,-1.2273532113515357,27.339834603173742,-16.70924359238162,False,True,False,True,False,0.0,13.5254,13.4802,0.0,0.0,0.0,0.0,0,1.2475247524752449,0.7425742574257437,False,False,False,False,0.0867215214211612,0.08672161219387794,False,False,False,False,549.0,347.2539772127905,False,False,False,False,5.139499709453489,False,False,False,False
2025-07-01 15:10:00+00:00,13.45,13.45,13.45,13.45,0.0,,13.513333333333335,13.513333333333335,"rgba(239, 83, 80, 1.0)",0.07187438993082082,13.53804063462825,-1.224923574488619,27.218150737790914,-17.10841441562816,False,True,False,True,False,0.0,13.5246,13.48325,0.0,0.0,0.0,0.0,0,1.2475247524752449,0.7425742574257437,False,False,False,False,0.0867215214211612,0.08672156680751958,False,False,False,False,549.0,350.3818225273209,False,False,False,False,5.05981754341545,False,False,False,False
2025-07-01 15:15:00+00:00,13.45,13.45,13.45,13.45,0.0,,13.513333333333335,13.513333333333335,"rgba(239, 83, 80, 1.0)",0.07247068372797204,13.53804063462825,-1.2148448186127456,27.1185912115686,-17.486485940399227,False,True,False,True,False,0.0,13.5238,13.485200000000003,0.0,0.0,0.0,0.0,0,1.2475247524752449,0.7425742574257437,False,False,False,False,0.0867215214211612,0.08672154411434038,False,False,False,False,549.0,353.46117411604456,False,False,False,False,4.981370759796606,False,False,False,False
2025-07-01 15:20:00+00:00,13.45,13.45,13.45,13.45,0.0,,13.513333333333335,13.513333333333335,"rgba(239, 83, 80, 1.0)",0.07304429114221195,13.53804063462825,-1.2053047986575858,27.037133417386706,-17.84504394806048,False,True,False,True,False,0.0,13.523,13.48715,0.0,0.0,0.0,0.0,0,1.2475247524752449,0.7425742574257437,False,False,False,False,0.0867215214211612,0.0867215327677508,False,False,False,False,549.0,356.4927838196718,False,False,False,False,4.904140205381155,False,False,False,False
2025-07-01 15:25:00+00:00,13.45,13.45,13.45,13.45,0.0,,13.513333333333335,13.513333333333335,"rgba(239, 83, 80, 1.0)",0.07359574263048842,13.53804063462825,-1.1962734729138715,26.970486131237884,-18.185321214888635,False,True,False,True,False,0.0,13.522199999999998,13.489099999999999,0.0,0.0,0.0,0.0,0,1.2475247524752449,0.7425742574257437,False,False,False,False,0.0867215214211612,0.08672152709445599,False,False,False,False,549.0,359.47739182246755,False,False,False,False,4.828107023902377,False,False,False,False
2025-07-01 15:30:00+00:00,13.45,13.45,13.45,13.45,0.0,,13.513333333333335,13.513333333333335,"rgba(239, 83, 80, 1.0)",0.07412553267663141,13.53804063462825,-1.187723466518916,26.915956533479758,-18.508297135603016,False,True,False,True,False,0.0,13.521400000000002,13.49105,0.0,0.0,0.0,0.0,0,1.2673796791443819,0.8021390374331554,False,False,False,False,0.0867215214211612,0.0867215242578086,False,False,False,False,549.0,362.4157268329719,True,False,False,False,4.753252651438774,True,False,False,False
2025-07-01 15:35:00+00:00,13.45,13.45,13.45,13.45,0.0,,13.513333333333335,13.513333333333335,"rgba(239, 83, 80, 1.0)",0.07463412257306981,13.53804063462825,-1.1796297938929277,26.87134140804129,-18.814772792182072,False,True,False,True,False,0.0,13.520600000000002,13.493,0.0,0.0,0.0,0.0,0,1.1871657754010676,0.8021390374331554,False,False,False,False,0.0867215214211612,0.0867215228394849,False,False,False,False,549.0,365.30850626191807,True,False,False,False,4.679558811881583,True,False,False,False
2025-07-01 15:40:00+00:00,13.45,13.45,13.45,13.45,0.0,,13.513333333333335,13.513333333333335,"rgba(239, 83, 80, 1.0)",0.07512194290822131,13.53804063462825,-1.1719696165980649,26.83483812359163,-19.10542686631988,False,True,False,True,False,0.0,13.5198,13.494950000000001,0.0,0.0,0.0,0.0,0,1.1871657754010676,0.8021390374331554,False,False,False,False,0.0867215214211612,0.08672152213032305,False,False,False,False,549.0,368.1564363973922,True,False,False,False,4.607007512472567,False,False,False,False
2025-07-01 15:45:00+00:00,13.45,13.45,13.45,13.45,0.0,,13.513333333333335,13.513333333333335,"rgba(239, 83, 80, 1.0)",0.07558939579568362,13.53804063462825,-1.1647220314635354,26.804971799951,-19.38085668999958,False,True,False,True,False,0.0,13.519,13.496899999999998,0.0,0.0,0.0,0.0,0,1.1871657754010676,0.8021390374331554,False,False,False,False,0.0867215214211612,0.08672152177574213,False,False,False,False,549.0,370.9602125772776,True,False,False,False,4.535581039410976,False,False,False,False
2025-07-01 15:50:00+00:00,13.45,13.45,13.45,13.45,0.0,,13.513333333333335,13.513333333333335,"rgba(239, 83, 80, 1.0)",0.07603685687614499,13.53804063462825,-1.157867884671477,26.780535716972306,-19.641607840621052,False,True,False,True,False,0.0,13.5182,13.49885,0.0,0.0,0.0,0.0,0,1.1871657754010676,0.8021390374331554,False,False,False,False,0.0867215214211612,0.08672152159845167,False,False,False,False,549.0,373.7205193590252,True,False,False,False,4.4652619535286355,False,False,False,False
2025-07-01 15:55:00+00:00,13.45,13.45,13.45,13.45,0.0,,13.513333333333335,13.513333333333335,"rgba(239, 83, 80, 1.0)",0.07646467711856633,13.53804063462825,-1.1513896081943014,26.760542558171558,-19.888194973872494,False,True,False,True,False,0.0,13.5174,13.5008,0.0,0.0,0.0,0.0,0,1.1871657754010676,0.8021390374331554,False,False,False,False,0.0867215214211612,0.08672152150980644,False,False,False,False,549.0,376.4380306867923,True,False,False,False,4.396033086032068,False,False,False,False
2025-07-01 16:00:00+00:00,13.45,13.45,13.45,13.45,0.0,,13.513333333333335,13.513333333333335,"rgba(239, 83, 80, 1.0)",0.07687318444351217,13.53804063462825,-1.145271075545774,26.74418451915276,-20.12111601570535,False,True,False,True,False,0.0,13.513800000000002,13.50275,0.0,0.0,0.0,0.0,0,1.1871657754010676,0.8021390374331554,False,False,False,False,0.0867215214211612,0.08672152146548381,False,False,False,False,549.0,379.1134100559893,True,False,False,False,4.32787753431064,False,False,False,False
2025-07-01 16:05:00+00:00,13.45,13.45,13.45,13.45,0.0,,13.513333333333335,13.513333333333335,"rgba(239, 83, 80, 1.0)",0.07726268518840305,13.53804063462825,-1.1394974742796609,26.730800669046474,-20.340861377239253,False,True,False,True,False,0.0,13.5102,13.5047,0.0,0.0,0.0,0.0,0,1.1871657754010676,0.8021390374331554,False,False,False,False,0.0867215214211612,0.08672152144332251,False,False,False,False,549.0,381.74731067527625,True,False,False,False,4.2607786578097,False,False,False,False
2025-07-01 16:10:00+00:00,13.45,13.45,13.45,13.45,0.0,,13.513333333333335,13.513333333333335,"rgba(239, 83, 80, 1.0)",0.0776334654318272,13.53804063462825,-1.1340551930605438,26.71985024623224,-20.547919491162574,False,True,False,True,False,0.0,13.5066,13.505799999999999,0.0,0.0,0.0,0.0,0,1.1871657754010676,0.8021390374331554,False,False,False,False,0.0867215214211612,0.08672152143224185,False,False,False,False,549.0,384.34037562604715,True,False,False,False,4.194720073967689,False,False,False,False
2025-07-01 16:15:00+00:00,13.45,13.45,13.45,13.45,0.0,,13.513333333333335,13.513333333333335,"rgba(239, 83, 80, 1.0)",0.07784762200768887,13.53804063462825,-1.1309354397434803,26.710890809384228,-20.74277967732956,False,True,False,True,False,0.0,13.503,13.5069,0.0,0.0,0.0,0.0,0,1.1871657754010676,0.8021390374331554,False,False,False,False,0.0867215214211612,0.08672152142670153,False,False,False,False,549.0,386.89323801944175,True,False,False,False,4.129685654216252,False,False,False,False
2025-07-01 16:20:00+00:00,13.45,13.45,13.45,13.45,0.0,,13.513333333333335,13.513333333333335,"rgba(239, 83, 80, 1.0)",0.07803325694336317,13.53804063462825,-1.128245033936621,26.703560361054038,-20.92593311429107,False,True,False,True,False,0.0,13.499400000000001,13.5079,0.0,0.0,0.0,0.0,0,1.1871657754010676,0.8021390374331554,False,False,False,False,0.0867215214211612,0.08672152142393136,False,False,False,False,549.0,389.40652115092325,True,False,False,False,4.065659520042357,False,False,False,False
2025-07-01 16:25:00+00:00,13.45,13.45,13.45,13.45,0.0,,13.513333333333335,13.513333333333335,"rgba(239, 83, 80, 1.0)",0.07819057338174155,13.53804063462825,-1.1259750481483028,26.697562721511154,-21.097872510685587,False,True,False,True,False,0.0,13.4956,13.508200000000002,0.0,0.0,0.0,0.0,0,1.1871657754010676,0.8021390374331554,False,False,False,False,0.0867215214211612,0.08672152142254627,False,False,False,False,549.0,391.8808386524593,True,False,False,False,4.002626039111467,False,False,False,False
2025-07-01 16:30:00+00:00,13.45,13.45,13.45,13.45,0.0,,13.513333333333335,13.513333333333335,"rgba(239, 83, 80, 1.0)",0.07831974196830402,13.53804063462825,-1.1241180373638089,26.69265556188516,-21.259090926250657,False,True,False,True,False,0.0,13.491799999999998,13.508500000000002,0.0,0.0,0.0,0.0,0,1.1871657754010676,0.8021390374331554,False,False,False,False,0.0867215214211612,0.08672152142185374,False,False,False,False,549.0,394.31679464234367,True,False,False,False,3.9405698214508242,False,False,False,False
2025-07-01 16:35:00+00:00,13.45,13.45,13.45,13.45,0.0,,13.513333333333335,13.513333333333335,"rgba(239, 83, 80, 1.0)",0.07842090179179001,13.53804063462825,-1.1226679701031816,26.688640613100254,-21.41008007900131,False,True,False,True,False,0.0,13.488,13.508799999999999,0.0,0.0,0.0,0.0,0,1.1871657754010676,0.8021390374331554,False,False,False,False,0.0867215214211612,0.08672152142150746,False,False,False,False,549.0,396.7149838726949,True,False,False,False,3.8794757156918966,False,False,False,False
2025-07-01 16:40:00+00:00,13.45,13.45,13.45,13.45,0.0,,13.513333333333335,13.513333333333335,"rgba(239, 83, 80, 1.0)",0.07849416114166113,13.53804063462825,-1.1216201733700912,26.685355655003512,-21.55132838664639,False,True,False,True,False,0.0,13.484199999999998,13.509099999999998,0.0,0.0,0.0,0.0,0,1.1871657754010676,0.8021390374331554,False,False,False,False,0.0867215214211612,0.08672152142133432,False,False,False,False,549.0,399.0759918746686,True,False,False,False,3.819328805371092,False,False,False,False
2025-07-01 16:45:00+00:00,13.45,13.45,13.45,13.45,0.0,,13.513333333333335,13.513333333333335,"rgba(239, 83, 80, 1.0)",0.07853959809209744,13.53804063462825,-1.1209712904949076,26.682667962015273,-21.683318921562634,False,True,False,True,False,0.0,13.4804,13.509400000000001,0.0,0.0,0.0,0.0,0,1.1871657754010676,0.8021390374331554,False,False,False,False,0.0867215214211612,0.08672152142124775,False,False,False,False,549.0,401.4003951014179,False,False,False,False,3.760114405287819,False,False,False,False
2025-07-01 16:50:00+00:00,13.45,13.45,13.45,13.45,0.0,,13.513333333333335,13.513333333333335,"rgba(239, 83, 80, 1.0)",0.07855726091993641,13.53804063462825,-1.1207192511202582,26.680468940479436,-21.806527405578304,False,True,False,True,False,0.0,13.476599999999998,13.5097,0.0,0.0,0.0,0.0,0,1.1871657754010676,0.8021390374331554,False,False,False,False,0.0867215214211612,0.08672152142120448,False,False,False,False,549.0,403.6887610688378,False,False,False,False,3.7018180579190156,False,False,False,False
2025-07-01 16:55:00+00:00,13.45,13.45,13.45,13.45,0.0,,13.513333333333335,13.513333333333335,"rgba(239, 83, 80, 1.0)",0.07854716836180269,13.53804063462825,-1.120863252800133,26.678669741041027,-21.921420330181647,False,True,False,True,False,0.0,13.4728,13.51,0.0,0.0,0.0,0.0,0,1.1871657754010676,0.8021390374331554,False,False,False,False,0.0867215214211612,0.08672152142118283,False,False,False,False,549.0,405.9416484941271,False,False,False,False,3.644425529889263,False,False,False,False
2025-07-01 17:00:00+00:00,13.45,13.45,13.45,13.45,0.0,,13.513333333333335,13.513333333333335,"rgba(239, 83, 80, 1.0)",0.07850930971363476,13.53804063462825,-1.1214037538908557,26.67719766877324,-22.02845325695277,False,True,False,True,False,0.0,13.469000000000001,13.510299999999999,0.0,0.0,0.0,0.0,0,1.1871657754010676,0.8021390374331554,False,False,False,False,0.0867215214211612,0.08672152142117201,False,False,False,False,549.0,408.1596074322026,False,False,False,False,3.587922808495631,False,False,False,False
2025-07-01 17:05:00+00:00,13.45,13.45,13.45,13.45,0.0,,13.513333333333335,13.513333333333335,"rgba(239, 83, 80, 1.0)",0.07844364477384459,13.53804063462825,-1.1223424776101834,26.675993246008687,-22.128069329924827,False,True,False,True,False,0.0,13.4652,13.5106,0.0,0.0,0.0,0.0,0,1.188172043010751,0.8064516129032268,False,False,False,False,0.0867215214211612,0.0867215214211666,False,False,False,False,549.0,410.3431794099979,False,False,False,False,3.5322960982863965,False,False,False,False
2025-07-01 17:10:00+00:00,13.45,13.45,13.45,13.45,0.0,,13.513333333333335,13.513333333333335,"rgba(239, 83, 80, 1.0)",0.07865376287511058,13.53804063462825,-1.1193442171106815,26.675007809201325,-22.220698014536712,False,True,False,True,False,0.0,13.4614,13.5105,0.0,0.0,0.0,0.0,0,1.1827956989247286,0.8064516129032268,False,False,False,False,0.0867215214211612,0.0867215214211639,False,False,False,False,549.0,412.4928975586801,False,False,False,False,3.477531817692809,False,False,False,False
2025-07-01 17:15:00+00:00,13.45,13.45,13.45,13.45,0.0,,13.513333333333335,13.513333333333335,"rgba(239, 83, 80, 1.0)",0.07885966552583493,13.53804063462825,-1.116421608450865,26.67420154272257,-22.306754065505388,False,True,False,True,False,0.0,13.457599999999998,13.510399999999999,0.0,0.0,0.0,0.0,0,1.2941176470588203,0.7882352941176481,False,False,False,False,0.0867215214211612,0.08672152142116255,False,False,False,False,549.0,414.6092867438168,False,False,False,False,3.4236165957130753,False,False,False,False
2025-07-01 17:20:00+00:00,13.45,13.45,13.45,13.45,0.0,,13.513333333333335,13.513333333333335,"rgba(239, 83, 80, 1.0)",0.0790613856614113,13.53804063462825,-1.113573129179561,26.673541870149045,-22.386636717256263,False,True,False,True,False,0.0,13.4538,13.50955,0.0,0.0,0.0,0.0,0,1.2941176470588203,0.694117647058825,False,False,False,False,0.08186548417509781,0.08429350279813018,False,False,False,False,549.0,416.69286369352506,False,False,False,False,3.370537268647756,False,False,False,False
2025-07-01 17:25:00+00:00,13.45,13.45,13.45,13.45,0.0,,13.513333333333335,13.513333333333335,"rgba(239, 83, 80, 1.0)",0.07925895521631414,13.53804063462825,-1.1107973148014465,26.673002138043437,-22.460729084658304,False,True,False,True,False,0.0,13.45,13.5087,0.0,0.0,0.0,0.0,0,1.301204819277105,0.7108433734939769,False,False,False,False,0.07681732587704967,0.08055541433758992,False,False,False,False,549.0,418.7441371246332,False,False,False,False,3.318280876885775,False,False,False,False
2025-07-01 17:30:00+00:00,13.45,13.45,13.45,13.45,0.0,,13.513333333333335,13.513333333333335,"rgba(239, 83, 80, 1.0)",0.07945240515355335,13.53804063462825,-1.108092756387909,26.672560539047936,-22.529397758047033,False,True,False,True,False,0.0,13.45,13.507849999999998,0.0,0.0,0.0,0.0,0,1.277108433734937,0.7108433734939769,False,False,False,False,0.045030326558901046,0.06279287044824548,False,False,False,False,549.0,420.76360786688696,False,False,False,False,3.2668346617402593,False,False,False,False
2025-07-01 17:35:00+00:00,13.45,13.45,13.45,13.45,0.0,,13.513333333333335,13.513333333333335,"rgba(239, 83, 80, 1.0)",0.07964176549280232,13.53804063462825,-1.1054580983165998,26.672199230778894,-22.59299257435557,False,True,False,True,False,0.0,13.45,13.507,0.0,0.0,0.0,0.0,0,1.3194444444444415,0.8194444444444464,False,False,False,False,0.004285653696037693,0.033539262072141585,False,False,False,False,549.0,422.7517689852298,False,False,False,False,3.2161860623334335,False,False,False,False
2025-07-01 17:40:00+00:00,13.45,13.45,13.45,13.45,0.0,,13.513333333333335,13.513333333333335,"rgba(239, 83, 80, 1.0)",0.07982706533726557,13.53804063462825,-1.102892036131885,26.6719036149224,-22.651846545197014,False,True,False,True,False,0.0,13.45,13.50615,0.0,0.0,0.0,0.0,0,1.1666666666666625,0.8194444444444464,False,False,False,False,0.004285653696037693,0.01891245788408964,False,False,False,False,549.0,424.7091059001874,False,False,False,False,3.1663227125298143,False,False,False,False
2025-07-01 17:45:00+00:00,13.45,13.45,13.45,13.45,0.0,,13.513333333333335,13.513333333333335,"rgba(239, 83, 80, 1.0)",0.08000833289934893,13.53804063462825,-1.1003933145189466,26.671661747403455,-22.706275922627004,False,True,False,True,False,0.0,13.45,13.505300000000002,0.0,0.0,0.0,0.0,0,1.1666666666666625,0.8194444444444464,False,False,False,False,0.004285653696037693,0.011599055790063666,False,False,False,False,549.0,426.636096506386,False,False,False,False,3.117232437916949,False,False,False,False
2025-07-01 17:50:00+00:00,13.45,13.45,13.45,13.45,0.0,,13.513333333333335,13.513333333333335,"rgba(239, 83, 80, 1.0)",0.0801855955251904,13.53804063462825,-1.0979607253847952,26.671463855797043,-22.756580383812867,False,True,False,True,False,0.0,13.45,13.504449999999999,0.0,0.0,0.0,0.0,0,1.1666666666666625,0.8194444444444464,False,False,False,False,0.004285653696037693,0.007942354743050679,False,False,False,False,549.0,428.5332112892327,False,False,False,False,3.068903252832965,False,False,False,False
2025-07-01 17:55:00+00:00,13.45,13.45,13.45,13.45,0.0,,13.513333333333335,13.513333333333335,"rgba(239, 83, 80, 1.0)",0.08035887971810741,13.53804063462825,-1.0955931060399227,26.671301944482707,-22.803043316751033,False,True,False,True,False,0.0,13.45,13.503599999999999,0.0,0.0,0.0,0.0,0,1.1666666666666625,0.8194444444444464,False,False,False,False,0.004285653696037693,0.006114004219544186,False,False,False,False,549.0,430.40091343978725,False,False,False,False,3.0213233574402056,False,False,False,False
2025-07-01 18:00:00+00:00,13.45,13.45,13.45,13.45,0.0,,13.513333333333335,13.513333333333335,"rgba(239, 83, 80, 1.0)",0.08052821116101175,13.53804063462825,-1.0932893374747568,26.67116947158916,-22.845932190360735,False,True,False,True,False,0.0,13.45,13.50275,0.0,0.0,0.0,0.0,0,1.1666666666666625,0.8194444444444464,False,False,False,False,0.004285653696037693,0.0051998289577909395,False,False,False,False,549.0,432.23965896785256,False,False,False,False,2.9744811348442335,False,False,False,False
2025-07-01 18:05:00+00:00,13.45,13.45,13.45,13.45,0.0,,13.513333333333335,13.513333333333335,"rgba(239, 83, 80, 1.0)",0.07911833992009318,13.53804063462825,-1.1127715105899325,26.671061084676253,-22.88549899362684,False,True,False,True,False,0.0,13.45,13.501900000000001,0.0,0.0,0.0,0.0,0,1.1666666666666625,0.8194444444444464,False,False,False,False,0.004285653696037693,0.004742741326914317,False,False,False,False,549.0,434.0498968133122,False,False,False,False,2.9283651482575013,False,False,False,False
2025-07-01 18:10:00+00:00,13.45,13.45,13.45,13.45,0.0,,13.513333333333335,13.513333333333335,"rgba(239, 83, 80, 1.0)",0.07760769907009643,13.53804063462825,-1.134431708234646,26.67097240447479,-22.921980729885323,False,True,False,True,False,0.0,13.45,13.501049999999998,0.0,0.0,0.0,0.0,0,1.1666666666666625,0.8194444444444464,False,False,False,False,0.004285653696037693,0.004514197511476005,False,False,False,False,549.0,435.8320689557415,False,False,False,False,2.8829641382069973,False,False,False,False
2025-07-01 18:15:00+00:00,13.45,13.45,13.45,13.45,0.0,,13.513333333333335,13.513333333333335,"rgba(239, 83, 80, 1.0)",0.07599027913175611,13.53804063462825,-1.1585775922154486,26.670899847946316,-22.955599953780524,False,True,False,True,False,0.0,13.45,13.5002,0.0,0.0,0.0,0.0,0,1.1666666666666625,0.8194444444444464,False,False,False,False,0.004285653696037693,0.004399925603756849,False,False,False,False,549.0,437.5866105223191,False,False,False,False,2.8382670197851834,False,False,False,False
2025-07-01 18:20:00+00:00,13.45,13.45,13.45,13.45,0.0,,13.513333333333335,13.513333333333335,"rgba(239, 83, 80, 1.0)",0.07425910324272775,13.53804063462825,-1.185587096850267,26.670840483513928,-22.98656533982972,False,True,False,True,False,0.0,13.45,13.499099999999999,0.0,0.0,0.0,0.0,0,1.1666666666666625,0.8194444444444464,False,False,False,False,0.004285653696037693,0.004342789649897271,False,False,False,False,549.0,439.31394989406607,False,False,False,False,2.7942628799435525,False,False,False,False
2025-07-01 18:25:00+00:00,13.45,13.45,13.45,13.45,0.0,,13.513333333333335,13.513333333333335,"rgba(239, 83, 80, 1.0)",0.07240601239282765,13.53804063462825,-1.2159298892279686,26.6707919126147,-23.015072272878154,False,True,False,True,False,0.0,13.45,13.498,0.0,0.0,0.0,0.0,0,1.1666666666666625,0.8194444444444464,False,False,False,False,-0.036147208001108516,-0.01590220917560562,False,False,False,False,549.0,441.0145088104371,False,False,False,False,2.7509409748281484,False,False,False,False
2025-07-01 18:30:00+00:00,13.45,13.45,13.45,13.45,0.0,,13.513333333333335,13.513333333333335,"rgba(239, 83, 80, 1.0)",0.07012421411613169,13.53804063462825,-1.2554954909362268,26.67075217278806,-23.04130345199592,False,True,False,True,False,0.0,13.45,13.4969,0.0,0.0,0.0,0.0,0,1.188976377952751,0.929133858267717,False,False,False,False,-0.08822829996697822,-0.05206525457129192,False,False,False,False,549.0,442.6887024722908,False,False,False,False,2.708290727156394,False,False,False,False
2025-07-01 18:35:00+00:00,13.45,13.45,13.45,13.45,0.0,,13.513333333333335,13.513333333333335,"rgba(239, 83, 80, 1.0)",0.06766957345196471,13.53804063462825,-1.3010372333844478,26.670719658384446,-23.0654295005454,False,True,False,True,False,0.0,13.45,13.4958,0.0,0.0,0.0,0.0,0,1.0551181102362177,0.929133858267717,False,False,False,False,-0.09904059324246638,-0.07555292390687915,False,False,False,False,549.0,444.336939643263,False,False,False,False,2.6663017236345894,False,False,False,False
2025-07-01 18:40:00+00:00,13.45,13.45,13.45,13.45,0.0,,13.513333333333335,13.513333333333335,"rgba(239, 83, 80, 1.0)",0.06502251862184057,13.53804063462825,-1.3540022209886786,26.670693055690577,-23.0876095762273,False,True,False,True,False,0.0,13.45,13.494699999999998,0.0,0.0,0.0,0.0,0,1.0564516129032229,0.9516129032258077,False,False,False,False,-0.17331480799839313,-0.12443386595263614,False,False,False,False,549.0,445.959622749569,False,False,False,False,2.6249637124154486,False,False,False,False
2025-07-01 18:45:00+00:00,13.45,13.45,13.45,13.45,0.0,,13.513333333333335,13.513333333333335,"rgba(239, 83, 80, 1.0)",0.06215847227591226,13.53804063462825,-1.4163899369574353,26.67067128985014,-23.107991975893654,False,True,False,True,False,0.0,13.45,13.493599999999999,0.0,0.0,0.0,0.0,0,1.0454545454545427,1.0636363636363668,False,False,False,False,-0.2447741560688127,-0.18460401101072443,False,False,False,False,549.0,447.55714797825783,False,False,False,False,2.584266600595054,False,False,False,False
2025-07-01 18:50:00+00:00,13.45,13.45,13.45,13.45,0.0,,13.513333333333335,13.513333333333335,"rgba(239, 83, 80, 1.0)",0.05904586703922719,13.53804063462825,-1.4910549889928781,26.670653481435238,-23.126714730797666,False,True,False,True,False,0.0,13.45,13.4925,0.0,0.0,0.0,0.0,0,0.9363636363636332,1.0636363636363668,False,False,False,False,-0.2447741560688127,-0.21468908353976857,False,False,False,False,549.0,449.12990537394376,False,False,False,False,2.544200451748619,False,False,False,False
2025-07-01 18:55:00+00:00,13.45,13.45,13.45,13.45,0.0,,13.513333333333335,13.513333333333335,"rgba(239, 83, 80, 1.0)",0.05564300624646214,13.53804063462825,-1.5822407983905002,26.670638910913954,-23.14390618873716,False,True,False,True,False,0.0,13.45,13.4914,0.0,0.0,0.0,0.0,0,0.9363636363636332,1.0636363636363668,False,False,False,False,-0.2447741560688127,-0.22973161980429063,False,False,False,False,549.0,450.6782789340376,False,False,False,False,2.504755483504454,False,False,False,False
2025-07-01 19:00:00+00:00,13.45,13.45,13.45,13.45,0.0,,13.513333333333335,13.513333333333335,"rgba(239, 83, 80, 1.0)",0.05189282093762628,13.53804063462825,-1.6965860216786486,26.67062698957836,-23.159685580244926,False,True,False,True,False,0.0,13.45,13.4903,0.0,0.0,0.0,0.0,0,0.9363636363636332,1.0636363636363668,False,False,False,False,-0.2447741560688127,-0.23725288793655167,False,False,False,False,549.0,452.20264670250214,False,False,False,False,2.4659220651555476,False,False,False,False
2025-07-01 19:05:00+00:00,13.45,13.45,13.45,13.45,0.0,,13.513333333333335,13.513333333333335,"rgba(239, 83, 80, 1.0)",0.047713484221719324,13.53804063462825,-1.8451939962953592,26.670617235758325,-23.174163566591584,False,True,False,True,False,0.0,13.45,13.489199999999999,0.0,0.0,0.0,0.0,0,0.9363636363636332,1.0636363636363668,False,False,False,False,-0.2447741560688127,-0.24101352200268217,False,False,False,False,549.0,453.70338086215327,False,False,False,False,2.4276907153081746,False,False,False,False
2025-07-01 19:10:00+00:00,13.45,13.45,13.45,13.45,0.0,,13.513333333333335,13.513333333333335,"rgba(239, 83, 80, 1.0)",0.04297998696229401,13.53804063462825,-2.0484099891767573,26.670609255360116,-23.18744276790091,False,True,False,True,False,0.0,13.45,13.4881,0.0,0.0,0.0,0.0,0,0.9363636363636332,1.0636363636363668,False,False,False,False,-0.2447741560688127,-0.24289383903574743,False,False,False,False,549.0,455.18084782553075,False,False,False,False,2.3900520995669625,False,False,False,False
2025-07-01 19:15:00+00:00,13.45,13.45,13.45,13.45,0.0,,13.513333333333335,13.513333333333335,"rgba(239, 83, 80, 1.0)",0.037482969105617325,13.53804063462825,-2.348816988861637,26.6706027259434,-23.199618270140526,False,True,False,True,False,0.0,13.45,13.4877,0.0,0.0,0.0,0.0,0,0.9363636363636332,1.0636363636363668,False,False,False,False,-0.2447741560688127,-0.24383399755228008,False,False,False,False,549.0,456.63540832435973,False,False,False,False,2.352997028255847,False,False,False,False
2025-07-01 19:20:00+00:00,13.45,13.45,13.45,13.45,0.0,,13.513333333333335,13.513333333333335,"rgba(239, 83, 80, 1.0)",0.0308165159883033,13.53804063462825,-2.85693018190851,26.67059738369336,-23.210778110148773,False,True,False,True,False,0.0,13.45,13.4873,0.0,0.0,0.0,0.0,0,0.9363636363636332,1.0636363636363668,False,False,False,False,-0.2447741560688127,-0.2443040768105464,False,False,False,False,549.0,458.06741749762546,False,False,False,False,2.316516454174361,False,False,False,False
2025-07-01 19:25:00+00:00,13.45,13.45,13.45,13.45,0.0,,13.513333333333335,13.513333333333335,"rgba(239, 83, 80, 1.0)",0.021939310229199045,13.53804063462825,-4.012917165967985,26.670593012761508,-23.22100373819839,False,True,False,True,False,0.0,13.45,13.486899999999999,0.0,0.0,0.0,0.0,0,0.9363636363636332,1.0636363636363668,False,False,False,False,-0.34282825441539394,-0.29356616561297016,False,False,False,False,549.0,459.47722497828244,False,False,False,False,2.280601470388712,False,False,False,False
2025-07-01 19:30:00+00:00,13.45,13.45,13.45,13.45,0.0,,13.513333333333335,13.513333333333335,"rgba(239, 83, 80, 1.0)",0.0,13.53804063462825,-inf,26.67058943654454,-23.230370457884646,False,True,False,True,False,0.0,13.45,13.4865,0.0,0.0,0.0,0.0,0,0.9313725490196043,1.0686274509803957,False,False,False,False,-0.34282825441539394,-0.31819721001418205,False,False,False,False,549.0,460.8651749786191,False,False,False,False,2.2452433080571037,False,False,False,False
2025-07-01 19:35:00+00:00,13.45,13.45,13.45,13.45,0.0,,13.513333333333335,13.513333333333335,"rgba(239, 83, 80, 1.0)",0.0,13.53804063462825,-inf,26.670586510548837,-23.238947843366304,False,True,False,True,False,0.0,13.45,13.486099999999999,0.0,0.0,0.0,0.0,0,0.9313725490196043,1.0686274509803957,False,False,False,False,-0.34282825441539394,-0.330512732214788,False,False,False,False,549.0,462.2316063742994,False,False,False,False,2.2104333342887763,False,False,False,False
2025-07-01 19:40:00+00:00,13.45,13.45,13.45,13.45,0.0,,13.513333333333335,13.513333333333335,"rgba(239, 83, 80, 1.0)",0.0,13.53804063462825,-inf,26.670584116552355,-23.246800134187367,False,True,False,True,False,0.0,13.45,13.4857,0.0,0.0,0.0,0.0,0,0.9195402298850535,1.2528735632183923,False,False,False,False,-0.34282825441539394,-0.33667049331509097,False,False,False,False,549.0,463.57685278710096,False,False,False,False,2.1761630500362372,False,False,False,False
2025-07-01 19:45:00+00:00,13.45,13.45,13.45,13.45,0.0,,13.513333333333335,13.513333333333335,"rgba(239, 83, 80, 1.0)",0.0,13.53804063462825,-inf,26.67058215782796,-23.253986608070544,False,True,False,True,False,0.0,13.45,13.4853,0.0,0.0,0.0,0.0,0,0.7471264367816077,1.2528735632183923,False,False,False,False,-0.34282825441539394,-0.33974937386524245,False,False,False,False,549.0,464.9012426663707,False,False,False,False,2.1424240880201713,False,False,False,False
2025-07-01 19:50:00+00:00,13.45,13.45,13.45,13.45,0.0,,13.513333333333335,13.513333333333335,"rgba(239, 83, 80, 1.0)",0.0,13.53804063462825,-inf,26.670580555235276,-23.260561932205075,False,True,False,True,False,0.0,13.45,13.484899999999998,1.0,13.45,13.45,0.0,0,0.7471264367816077,1.2528735632183923,False,False,False,False,-0.34282825441539394,-0.3412888141403182,False,False,False,False,549.0,466.20509936921763,False,False,False,False,2.1092082106865253,False,False,False,False
2025-07-01 19:55:00+00:00,13.45,13.645,13.45,13.645,6.0,13.579999999999998,13.528148148148148,13.579999999999998,"rgba(239, 83, 80, 0.5)",0.022516660498388803,13.579999999999995,2.8867513459491896,39.74079421795955,-10.714156414907336,True,False,False,True,True,20.0,13.453899999999999,13.48645,0.0,0.0,0.0,0.0,0,0.8253968253968242,0.8650793650793671,False,False,False,False,0.008684250576057439,-0.16630228178213038,False,False,False,False,555.0,467.5817644952762,False,False,False,False,2.169530564009215,False,False,False,False
