date,Open,High,Low,Close,Volume,aVWAP_OB_bull_155,aVWAP_OB_bear_219,Peaks_Valleys_avg,color,StDev,StDev_Mean,StdDev_ZScore,QQEMOD,QQE1_Value,QQE1_Above_Upper,QQE1_Below_Lower,QQE2_Above_Threshold,QQE2_Below_Threshold,QQE2_Above_TL,banker_RSI,SMA_50,SMA_100,OB,OB_High,OB_Low,OB_Mitigated_Index,TTM_squeeze_Active,VI_plus,VI_minus,VI_Regular_Bullish,VI_Regular_Bearish,VI_Hidden_Bullish,VI_Hidden_Bearish,Fisher,Fisher_Signal,Fisher_Regular_Bullish,Fisher_Regular_Bearish,Fisher_Hidden_Bullish,Fisher_Hidden_Bearish,OBV,OBV_Smoothed,OBV_Regular_Bullish,OBV_Regular_Bearish,OBV_Hidden_Bullish,OBV_Hidden_Bearish,Volume_MA,Vol_Regular_Bullish,Vol_Regular_Bearish,Vol_Hidden_Bullish,Vol_Hidden_Bearish
2025-06-30 13:30:00+00:00,3.51,3.51,3.51,3.51,100.0,,,,#000000,,,,,,False,False,False,False,False,,,,0.0,0.0,0.0,0.0,0,,,False,False,False,False,,,False,False,False,False,0.0,0.0,False,False,False,False,100.0,False,False,False,False
2025-06-30 13:35:00+00:00,3.51,3.51,3.41,3.41,100.0,,,,"rgba(239, 83, 80, 0.5)",,,,0.0,,False,False,False,True,False,,,,0.0,0.0,0.0,0.0,0,,,False,False,False,False,,,False,False,False,False,-100.0,-1.550387596899225,False,False,False,False,100.0,False,False,False,False
2025-06-30 13:40:00+00:00,3.41,3.41,3.41,3.41,0.0,,,,"rgba(239, 83, 80, 0.5)",,,,0.0,-50.0,False,False,False,True,True,,,,0.0,0.0,0.0,0.0,0,,,False,False,False,False,,,False,False,False,False,-100.0,-3.07673817679226,False,False,False,False,98.44961240310077,False,False,False,False
2025-06-30 13:45:00+00:00,3.41,3.45,3.41,3.45,309.0,,,,"rgba(239, 83, 80, 0.5)",,,,5.605154879279576,-44.56299976709881,False,False,False,True,True,,,,1.0,3.45,3.41,82.0,0,,,False,False,False,False,,,False,False,False,False,209.0,0.21127326780917022,False,False,False,False,101.71395949762635,False,False,False,False
2025-06-30 13:50:00+00:00,3.45,3.45,3.45,3.45,0.0,,,,"rgba(239, 83, 80, 0.5)",,,,10.191190689599228,-40.24906874819146,False,False,False,True,True,,,,0.0,0.0,0.0,0.0,0,,,False,False,False,False,,,False,False,False,False,209.0,3.448307790788873,False,False,False,False,100.13699888526004,False,False,False,False
2025-06-30 13:55:00+00:00,3.45,3.45,3.45,3.45,0.0,,,,"rgba(239, 83, 80, 0.5)",,,,13.943401807133489,-36.82542625084928,False,False,False,True,True,,,,0.0,0.0,0.0,0.0,0,,,False,False,False,False,,,False,False,False,False,209.0,6.635155732016952,False,False,False,False,98.58448727463585,False,False,False,False
2025-06-30 14:00:00+00:00,3.45,3.45,3.45,3.45,0.0,,,,"rgba(239, 83, 80, 0.5)",,,,17.013392721479704,-34.10598736570921,False,False,False,True,True,,,,0.0,0.0,0.0,0.0,0,,,False,False,False,False,,,False,False,False,False,209.0,9.772595178032192,False,False,False,False,97.05604561146319,False,False,False,False
2025-06-30 14:05:00+00:00,3.45,3.45,3.45,3.45,0.0,,,,"rgba(239, 83, 80, 0.5)",,,,19.52520346958115,-31.9422842828359,False,False,False,True,True,,,,0.0,0.0,0.0,0.0,0,,,False,False,False,False,,,False,False,False,False,209.0,12.86139215201619,False,False,False,False,95.55130071826221,False,False,False,False
2025-06-30 14:10:00+00:00,3.45,3.45,3.45,3.45,0.0,,,,"rgba(239, 83, 80, 0.5)",,,,21.580321354391423,-30.216112265880554,False,False,False,True,True,,,,0.0,0.0,0.0,0.0,0,,,False,False,False,False,,,False,False,False,False,209.0,15.902300800822141,False,False,False,False,94.0698852032504,False,False,False,False
2025-06-30 14:15:00+00:00,3.45,3.45,3.45,3.45,0.0,,,,"rgba(239, 83, 80, 0.5)",,,,23.261781441963464,-28.83357779769544,False,False,False,True,True,,,,0.0,0.0,0.0,0.0,0,,,False,False,False,False,,,False,False,False,False,209.0,18.896063579103966,False,False,False,False,92.61143737064185,False,False,False,False
2025-06-30 14:20:00+00:00,3.45,3.45,3.45,3.45,0.0,,,,"rgba(239, 83, 80, 0.5)",,,,24.637521513613315,-27.72028608750191,False,False,False,True,True,,,,0.0,0.0,0.0,0.0,0,,,False,False,False,False,,,False,False,False,False,209.0,21.843411430590724,False,False,False,False,91.17560113233732,False,False,False,False
2025-06-30 14:25:00+00:00,3.45,3.45,3.45,3.45,0.0,,,,"rgba(239, 83, 80, 0.5)",,,,25.763127026781376,-26.81745383649736,True,False,False,True,True,,,,0.0,0.0,0.0,0.0,0,,,False,False,False,False,,,False,False,False,False,209.0,24.745063966550557,False,False,False,False,89.76202592098325,False,False,False,False
2025-06-30 14:30:00+00:00,3.45,3.45,3.45,3.45,0.0,,,,"rgba(239, 83, 80, 0.5)",,,,26.6840769921007,-26.07877290385727,True,False,False,True,True,,,,0.0,0.0,0.0,0.0,0,,,False,False,False,False,,,False,False,False,False,209.0,27.601729641487754,False,False,False,False,88.37036660437886,False,False,False,False
2025-06-30 14:35:00+00:00,3.45,3.45,3.45,3.45,0.0,,,,"rgba(239, 83, 80, 0.5)",,,,27.43758150918015,-25.467882939800806,True,False,False,True,True,,,,0.0,0.0,0.0,0.0,0,,,False,False,False,False,,,False,False,False,False,209.0,30.414105926115848,False,False,False,False,87.0002834012102,False,False,False,False
2025-06-30 14:40:00+00:00,3.45,3.45,3.45,3.45,0.0,,,,"rgba(239, 83, 80, 0.5)",,,,28.054085204972424,-24.956337498341107,True,False,False,True,True,,,,0.0,0.0,0.0,0.0,0,,,False,False,False,False,,,False,False,False,False,209.0,33.18287947764894,False,False,False,False,85.65144179809066,False,False,False,False
2025-06-30 14:45:00+00:00,3.45,3.45,3.45,3.45,0.0,,,,"rgba(239, 83, 80, 0.5)",,,,28.558497319711556,-24.5219697060204,True,False,False,True,True,,,,0.0,0.0,0.0,0.0,0,,,False,False,False,False,,,False,False,False,False,209.0,35.90872630745283,False,False,False,False,84.3235124678877,False,False,False,False
2025-06-30 14:50:00+00:00,3.45,3.45,3.45,3.45,0.0,,,,"rgba(239, 83, 80, 0.5)",,,,28.97119814086176,-24.14758114040631,True,False,False,True,True,,,,0.0,0.0,0.0,0.0,0,,,False,False,False,False,,,False,False,False,False,209.0,38.59231194609698,False,False,False,False,83.01617118931578,False,False,False,False
2025-06-30 14:55:00+00:00,3.45,3.45,3.45,3.45,0.0,,,,"rgba(239, 83, 80, 0.5)",,,,29.308862449075562,-23.81989189561049,True,False,False,True,True,,,,0.0,0.0,0.0,0.0,0,,,False,False,False,False,,,False,False,False,False,209.0,41.23429160584741,False,False,False,False,81.72909876777601,False,False,False,False
2025-06-30 15:00:00+00:00,3.45,3.45,3.45,3.45,0.0,,,,"rgba(239, 83, 80, 0.5)",,,,29.585133246705034,-23.528701479831607,True,False,False,True,True,,,,0.0,0.0,0.0,0.0,0,,,False,False,False,False,,,False,False,False,False,209.0,43.835310340640476,False,False,False,False,80.4619809574229,False,False,False,False
2025-06-30 15:05:00+00:00,3.45,3.45,3.45,3.45,0.0,,,,"rgba(239, 83, 80, 0.5)",,,,29.811172990220058,-23.266219690655646,True,False,False,True,True,,,,0.0,0.0,0.0,0.0,0,,,False,False,False,False,,,False,False,False,False,209.0,46.396003203576285,False,False,False,False,79.2145083844396,False,False,False,False
2025-06-30 15:10:00+00:00,3.45,3.45,3.45,3.45,0.0,,,,"rgba(239, 83, 80, 0.5)",,,,29.996114598550534,-23.026534346780966,True,False,False,True,True,,,,0.0,0.0,0.0,0.0,0,,,False,False,False,False,,,False,False,False,False,209.0,48.91699540197045,False,False,False,False,77.98637647150255,False,False,False,False
2025-06-30 15:15:00+00:00,3.45,3.45,3.45,3.45,0.0,,,,"rgba(239, 83, 80, 0.5)",,,,30.14743045991183,-22.80518904601639,True,False,False,True,True,,,,0.0,0.0,0.0,0.0,0,,,False,False,False,False,,,False,False,False,False,209.0,51.39890245000192,False,False,False,False,76.77728536341723,False,False,False,False
2025-06-30 15:20:00+00:00,3.45,3.45,3.45,3.45,0.0,,,,"rgba(239, 83, 80, 0.5)",,,,30.271234346480163,-22.598849235069167,True,False,False,True,True,,,,0.0,0.0,0.0,0.0,0,,,False,False,False,False,,,False,False,False,False,209.0,53.84233031899414,False,False,False,False,75.58693985390688,False,False,False,False
2025-06-30 15:25:00+00:00,3.45,3.45,3.45,3.45,0.0,,,,"rgba(239, 83, 80, 0.5)",,,,30.372528435490615,-22.405039034166638,True,False,False,True,True,,,,0.0,0.0,0.0,0.0,0,,,False,False,False,False,,,False,False,False,False,209.0,56.24787558536632,False,False,False,False,74.41504931353623,False,False,False,False
2025-06-30 15:30:00+00:00,3.45,3.45,3.45,3.45,0.0,,,,"rgba(239, 83, 80, 0.5)",,,,30.455405417408258,-22.221934636377366,True,False,False,True,True,,,,0.0,0.0,0.0,0.0,0,,,False,False,False,False,,,False,False,False,False,209.0,58.61612557629088,False,False,False,False,73.26132761875272,False,False,False,False
2025-06-30 15:35:00+00:00,3.45,3.45,3.45,3.45,0.0,,,,"rgba(239, 83, 80, 0.5)",,,,30.523213857159057,-22.048202842425216,True,False,False,True,True,,,,0.0,0.0,0.0,0.0,0,,,False,False,False,False,,,False,False,False,False,209.0,60.94765851309257,False,False,False,False,72.12549308202787,False,False,False,False
2025-06-30 15:40:00+00:00,3.45,3.45,3.45,3.45,0.0,,,,"rgba(239, 83, 80, 0.5)",,,,30.578693489682436,-21.8828755149786,True,False,False,True,True,,,,0.0,0.0,0.0,0.0,0,,,False,False,False,False,,,False,False,False,False,209.0,63.24304365242447,False,False,False,False,71.00726838308171,False,False,False,False
2025-06-30 15:45:00+00:00,3.45,3.45,3.45,3.45,0.0,,,,"rgba(239, 83, 80, 0.5)",,,,30.62408591629248,-21.72525253823243,True,False,False,True,True,,,,0.0,0.0,0.0,0.0,0,,,False,False,False,False,,,False,False,False,False,209.0,65.5028414252551,False,False,False,False,69.90638050117346,False,False,False,False
2025-06-30 15:50:00+00:00,3.45,3.45,3.45,3.45,0.0,,,,"rgba(239, 83, 80, 0.5)",,,,30.66122517442797,-21.57482732768549,True,False,False,True,True,,,,0.0,0.0,0.0,0.0,0,,,False,False,False,False,,,False,False,False,False,209.0,67.72760357370076,False,False,False,False,68.82256064844209,False,False,False,False
2025-06-30 15:55:00+00:00,3.45,3.45,3.45,3.45,0.0,,,,"rgba(239, 83, 80, 0.5)",,,,30.691611840175185,-21.431230115436282,True,False,False,True,True,,,,0.0,0.0,0.0,0.0,0,,,False,False,False,False,,,False,False,False,False,209.0,69.9178732857364,False,False,False,False,67.7555442042802,False,False,False,False
2025-06-30 16:00:00+00:00,3.45,3.62,3.45,3.62,23.0,,,3.563333333333334,"rgba(38, 166, 154, 1.0)",,3.563333333333334,,41.39924534269693,-10.93189665576746,True,False,True,False,True,,,,0.0,0.0,0.0,0.0,0,,,False,False,False,False,,,False,False,False,False,232.0,72.43077447510484,False,False,False,False,67.06165979801229,False,False,False,False
2025-06-30 16:05:00+00:00,3.62,3.62,3.62,3.62,0.0,,,3.563333333333334,"rgba(38, 166, 154, 1.0)",,3.563333333333334,,50.16003639021473,-2.5793409544014168,True,False,True,False,True,,,,0.0,0.0,0.0,0.0,0,,,False,False,False,False,,,False,False,False,False,232.0,74.90471595611098,False,False,False,False,66.02194414222915,False,False,False,False
2025-06-30 16:10:00+00:00,3.62,3.62,3.62,3.62,0.0,,,3.563333333333334,"rgba(38, 166, 154, 1.0)",,3.563333333333334,,57.327956338183824,4.070264538191843,True,False,True,False,True,,,,0.0,0.0,0.0,0.0,0,,,False,False,False,False,,,False,False,False,False,232.0,77.34030175524104,False,False,False,False,64.99834810901629,False,False,False,False
2025-06-30 16:15:00+00:00,3.62,3.62,3.62,3.62,0.0,,,3.563333333333334,"rgba(38, 166, 154, 1.0)",,3.563333333333334,,63.19261811379491,9.371728669680081,True,False,True,False,True,,,,0.0,0.0,0.0,0.0,0,,,False,False,False,False,,,False,False,False,False,232.0,79.73812653422956,False,False,False,False,63.99062178174472,False,False,False,False
2025-06-30 16:20:00+00:00,3.62,3.62,3.62,3.62,0.0,,,3.563333333333334,"rgba(38, 166, 154, 1.0)",,3.563333333333334,,67.99097774838579,13.608156317934885,True,False,True,False,True,,,,0.0,0.0,0.0,0.0,0,,,False,False,False,False,,,False,False,False,False,232.0,82.09877573524926,False,False,False,False,62.99851911846186,False,False,False,False
2025-06-30 16:25:00+00:00,3.62,3.62,3.62,3.62,0.0,,,3.563333333333334,"rgba(38, 166, 154, 1.0)",,3.563333333333334,,71.91690835850561,17.004972315123396,True,False,True,False,True,,,,0.0,0.0,0.0,0.0,0,,,False,False,False,False,,,False,False,False,False,232.0,84.42282572385005,False,False,False,False,62.021797891819034,False,False,False,False
2025-06-30 16:30:00+00:00,3.62,3.62,3.62,3.62,0.0,,,3.563333333333334,"rgba(38, 166, 154, 1.0)",,3.563333333333334,,75.1290334031491,19.741270132387044,True,False,True,False,True,,,,0.0,0.0,0.0,0.0,0,,,False,False,False,False,,,False,False,False,False,232.0,86.71084392968184,False,False,False,False,61.060219629930366,False,False,False,False
2025-06-30 16:35:00+00:00,3.62,3.62,3.62,3.62,0.0,,,3.563333333333334,"rgba(38, 166, 154, 1.0)",,3.563333333333334,,77.75713571240286,21.958986950893134,True,False,True,False,True,,,,0.0,0.0,0.0,0.0,0,,,False,False,False,False,,,False,False,False,False,232.0,88.96338898503562,False,False,False,False,60.1135495581485,False,False,False,False
2025-06-30 16:40:00+00:00,3.62,3.62,3.62,3.62,0.0,,,3.563333333333334,"rgba(38, 166, 154, 1.0)",,3.563333333333334,,79.90740123815594,23.77031375098312,True,False,True,False,True,,,,0.0,0.0,0.0,0.0,0,,,False,False,False,False,,,False,False,False,False,232.0,91.18101086123663,False,False,False,False,59.18155654174309,False,False,False,False
2025-06-30 16:45:00+00:00,3.62,3.62,3.62,3.62,0.0,,,3.563333333333334,"rgba(38, 166, 154, 1.0)",,3.563333333333334,,81.66670939559027,25.26367317077903,True,False,True,False,True,,,,0.0,0.0,0.0,0.0,0,,,False,False,False,False,,,False,False,False,False,232.0,93.36425100292288,False,False,False,False,58.264013029468,False,False,False,False
2025-06-30 16:50:00+00:00,3.62,3.62,3.62,3.62,0.0,,,3.563333333333334,"rgba(38, 166, 154, 1.0)",,3.563333333333334,,83.106143342582,26.508535984122005,True,False,True,False,True,,,,0.0,0.0,0.0,0.0,0,,,False,False,False,False,,,False,False,False,False,232.0,95.51364246024191,False,False,False,False,57.36069499800338,False,False,False,False
2025-06-30 16:55:00+00:00,3.62,3.62,3.62,3.62,0.0,,,3.563333333333334,"rgba(38, 166, 154, 1.0)",,3.563333333333334,,84.28386202648433,27.559296562836366,True,False,True,False,True,,,,0.0,0.0,0.0,0.0,0,,,False,False,False,False,,,False,False,False,False,232.0,97.62971001899786,False,False,False,False,56.47138189725914,False,False,False,False
2025-06-30 17:00:00+00:00,3.62,3.62,3.62,3.62,0.0,,,3.563333333333334,"rgba(38, 166, 154, 1.0)",,3.563333333333334,,85.24745004058623,28.458386525949436,True,False,True,False,True,,,,0.0,0.0,0.0,0.0,0,,,False,False,False,False,,,False,False,False,False,232.0,99.71297032878084,False,False,False,False,55.59585659652644,False,False,False,False
2025-06-30 17:05:00+00:00,3.62,3.62,3.62,3.62,0.0,,,3.563333333333334,"rgba(38, 166, 154, 1.0)",,3.563333333333334,,86.03584023394234,29.23877222735028,True,False,True,False,True,,,,0.0,0.0,0.0,0.0,0,,,False,False,False,False,,,False,False,False,False,232.0,101.76393202910982,False,False,False,False,54.73390533146401,False,False,False,False
2025-06-30 17:10:00+00:00,3.62,3.62,3.62,3.62,0.0,,,3.563333333333334,"rgba(38, 166, 154, 1.0)",,3.563333333333334,,86.68088675577916,29.92595439511416,True,False,True,False,True,,,,0.0,0.0,0.0,0.0,0,,,False,False,False,False,,,False,False,False,False,232.0,103.78309587361976,False,False,False,False,53.885317651906426,False,False,False,False
2025-06-30 17:15:00+00:00,3.62,3.62,3.62,3.62,0.0,,,3.563333333333334,"rgba(38, 166, 154, 1.0)",,3.563333333333334,,87.20865209182746,30.539565967888564,True,False,True,False,True,,,,0.0,0.0,0.0,0.0,0,,,False,False,False,False,,,False,False,False,False,232.0,105.77095485232333,False,False,False,False,53.04988637048152,False,False,False,False
2025-06-30 17:20:00+00:00,3.62,3.62,3.62,3.62,0.0,,,3.563333333333334,"rgba(38, 166, 154, 1.0)",,3.563333333333334,,87.64046009404879,31.094646043030806,True,False,True,False,True,,,,0.0,0.0,0.0,0.0,0,,,False,False,False,False,,,False,False,False,False,232.0,107.72799431197723,False,False,False,False,52.227407512024435,False,False,False,False
2025-06-30 17:25:00+00:00,3.62,3.62,3.62,3.62,0.0,,,3.563333333333334,"rgba(38, 166, 154, 1.0)",,3.563333333333334,,87.9937575504117,31.60265309527894,True,False,True,False,True,,,,0.0,0.0,0.0,0.0,0,,,False,False,False,False,,,False,False,False,False,232.0,109.65469207458223,False,False,False,False,51.41768026377599,False,False,False,False
2025-06-30 17:30:00+00:00,3.62,3.62,3.62,3.62,0.0,,,3.563333333333334,"rgba(38, 166, 154, 1.0)",,3.563333333333334,,88.28281910561772,32.07226862104713,True,False,True,False,True,,,,0.0,0.0,0.0,0.0,0,,,False,False,False,False,,,False,False,False,False,232.0,111.55151855404607,False,False,False,False,50.62050692635311,False,False,False,False
2025-06-30 17:35:00+00:00,3.62,3.62,3.62,3.62,0.0,,,3.563333333333334,"rgba(38, 166, 154, 1.0)",,3.563333333333334,,88.51932401442264,32.51003260358897,True,False,True,False,True,20.0,3.5176,,0.0,0.0,0.0,0.0,0,,,False,False,False,False,,,False,False,False,False,232.0,113.4189368710376,False,False,False,False,49.835692865479416,False,False,False,False
2025-06-30 17:40:00+00:00,3.62,3.7,3.62,3.7,261.0,,,3.673333333333333,"rgba(38, 166, 154, 1.0)",,3.673333333333333,,89.73742005546116,33.91469852723158,True,False,True,False,True,20.0,3.5214000000000003,,0.0,0.0,0.0,0.0,0,,,False,False,False,False,,,False,False,False,False,493.0,119.30391459396725,False,False,False,False,53.1095580923712,False,False,False,False
2025-06-30 17:45:00+00:00,3.7,3.7,3.7,3.7,100.0,,,3.6807202216066477,"rgba(38, 166, 154, 1.0)",,3.6807202216066477,,90.73404408903814,35.09077265999285,True,False,True,False,True,20.0,3.5272,,0.0,0.0,0.0,0.0,0,,,False,False,False,False,,,False,False,False,False,493.0,125.09765235220031,False,False,False,False,53.83654168783831,False,False,False,False
2025-06-30 17:50:00+00:00,3.7,3.7,3.7,3.7,0.0,,,3.6807202216066477,"rgba(38, 166, 154, 1.0)",,3.6807202216066477,,91.54946375287383,36.08351702854321,True,False,True,False,True,20.0,3.533,,0.0,0.0,0.0,0.0,0,,,False,False,False,False,,,False,False,False,False,493.0,130.80156471883288,False,False,False,False,53.00186662291058,False,False,False,False
2025-06-30 17:55:00+00:00,3.7,3.72,3.7,3.72,100.0,,,3.6903485177151127,"rgba(38, 166, 154, 1.0)",,3.6890715835141004,,92.33592523186786,37.0446771412296,True,False,True,False,True,20.0,3.5384,,0.0,0.0,0.0,0.0,0,,,False,False,False,False,,,False,False,False,False,593.0,137.9674319324944,False,False,False,False,53.73051985356313,False,False,False,False
2025-06-30 18:00:00+00:00,3.72,3.72,3.72,3.72,0.0,,,3.6903485177151127,"rgba(38, 166, 154, 1.0)",,3.6890715835141004,,92.97939371468115,37.86325994375569,True,False,True,False,True,20.0,3.5438000000000005,,0.0,0.0,0.0,0.0,0,,,False,False,False,False,,,False,False,False,False,593.0,145.02220042966505,False,False,False,False,52.89748853800401,False,False,False,False
2025-06-30 18:05:00+00:00,3.72,3.72,3.72,3.72,0.0,,,3.6903485177151127,"rgba(38, 166, 154, 1.0)",,3.6890715835141004,,93.50586792789204,38.56694386724688,True,False,True,False,True,20.0,3.5492000000000004,,0.0,0.0,0.0,0.0,0,,,False,False,False,False,,,False,False,False,False,593.0,151.9675926710656,False,False,False,False,52.07737243663961,False,False,False,False
2025-06-30 18:10:00+00:00,3.72,3.72,3.72,3.72,0.0,,,3.6903485177151127,"rgba(38, 166, 154, 1.0)",,3.6890715835141004,,93.93661955688276,39.17770205330136,True,False,True,False,True,20.0,3.5546,,0.0,0.0,0.0,0.0,0,,,False,False,False,False,,,False,False,False,False,593.0,158.80530441259947,False,False,False,False,51.26997131359093,False,False,False,False
2025-06-30 18:15:00+00:00,3.72,3.72,3.72,3.72,0.0,,,3.6903485177151127,"rgba(38, 166, 154, 1.0)",,3.6890715835141004,,94.28905270787516,39.71295669602145,True,False,True,False,True,20.0,3.56,,0.0,0.0,0.0,0.0,0,,,False,False,False,False,,,False,False,False,False,593.0,165.5370051193809,False,False,False,False,50.475088037411226,False,False,False,False
2025-06-30 18:20:00+00:00,3.72,3.72,3.72,3.72,0.0,,,3.6903485177151127,"rgba(38, 166, 154, 1.0)",,3.6890715835141004,,94.57740710414168,40.186506828817954,True,False,True,False,True,20.0,3.5654000000000003,,0.0,0.0,0.0,0.0,0,,,False,False,False,False,,,False,False,False,False,593.0,172.16433837334398,False,False,False,False,49.69252853295524,False,False,False,False
2025-06-30 18:25:00+00:00,3.72,3.72,3.72,3.72,0.0,,,3.6903485177151127,"rgba(38, 166, 154, 1.0)",,3.6890715835141004,,94.81333342835975,40.60927291265199,True,False,True,False,True,20.0,3.5708,,0.0,0.0,0.0,0.0,0,,,False,False,False,False,,,False,False,False,False,593.0,178.68892227453244,False,False,False,False,48.92210173399469,False,False,False,False
2025-06-30 18:30:00+00:00,3.72,3.72,3.72,3.72,0.0,,,3.6903485177151127,"rgba(38, 166, 154, 1.0)",,3.6890715835141004,,95.00636405726544,40.98989343313653,True,False,True,False,True,20.0,3.5762,,0.0,0.0,0.0,0.0,0,,,False,False,False,False,,,False,False,False,False,593.0,185.1123498361676,False,False,False,False,48.16361953656841,False,False,False,False
2025-06-30 18:35:00+00:00,3.72,3.72,3.72,3.72,0.0,,,3.6903485177151127,"rgba(38, 166, 154, 1.0)",,3.6890715835141004,,95.16429820818828,41.335202077951834,True,False,True,False,True,20.0,3.5816000000000003,,0.0,0.0,0.0,0.0,0,,,False,False,False,False,,,False,False,False,False,593.0,191.43618937359136,False,False,False,False,47.416896753055724,False,False,False,False
2025-06-30 18:40:00+00:00,3.72,3.72,3.72,3.72,0.0,,,3.6903485177151127,"rgba(38, 166, 154, 1.0)",,3.6890715835141004,,95.29351705894334,41.650608664539504,True,False,True,False,True,20.0,3.5869999999999997,,0.0,0.0,0.0,0.0,0,,,False,False,False,False,,,False,False,False,False,593.0,197.6619848871791,False,False,False,False,46.68175106696184,False,False,False,False
2025-06-30 18:45:00+00:00,3.72,3.72,3.72,3.72,0.0,,,3.6903485177151127,"rgba(38, 166, 154, 1.0)",,3.6890715835141004,,95.39924157319746,41.940402593334454,True,False,True,False,True,20.0,3.5924,,0.0,0.0,0.0,0.0,0,,,False,False,False,False,,,False,False,False,False,593.0,203.79125643931587,False,False,False,False,45.95800298840429,False,False,False,False
2025-06-30 18:50:00+00:00,3.72,3.72,3.72,3.72,0.0,,,3.6903485177151127,"rgba(38, 166, 154, 1.0)",,3.6890715835141004,,95.4857434484963,42.20799402795103,True,False,True,False,True,20.0,3.5978000000000003,,0.0,0.0,0.0,0.0,0,,,False,False,False,False,,,False,False,False,False,593.0,209.82550052552804,False,False,False,False,45.24547581028949,False,False,False,False
2025-06-30 18:55:00+00:00,3.76,3.76,3.76,3.76,144.0,,,3.7250758614460553,"rgba(38, 166, 154, 1.0)",,3.7150282888497492,,95.81475898263352,42.706599133316956,True,False,True,False,True,20.0,3.6039999999999996,,0.0,0.0,0.0,0.0,0,,,False,False,False,False,,,False,False,False,False,737.0,217.9987485793958,False,False,False,False,46.7765537047036,False,False,False,False
2025-06-30 19:00:00+00:00,3.76,3.76,3.76,3.76,0.0,,,3.7250758614460553,"rgba(38, 166, 154, 1.0)",,3.7150282888497492,,96.08395351056399,43.136166976597934,True,False,True,False,True,20.0,3.6102000000000003,,0.0,0.0,0.0,0.0,0,,,False,False,False,False,,,False,False,False,False,737.0,226.04527960917258,False,False,False,False,46.05133581780897,False,False,False,False
2025-06-30 19:05:00+00:00,3.76,3.76,3.76,3.76,0.0,,,3.7250758614460553,"rgba(38, 166, 154, 1.0)",,3.7150282888497492,,96.30420357887073,43.509189793629034,True,False,True,False,True,20.0,3.6164,,0.0,0.0,0.0,0.0,0,,,False,False,False,False,,,False,False,False,False,737.0,233.96705821988306,False,False,False,False,45.33736161908325,False,False,False,False
2025-06-30 19:10:00+00:00,3.76,3.76,3.76,3.76,0.0,,,3.7250758614460553,"rgba(38, 166, 154, 1.0)",,3.7150282888497492,,96.4844081802126,43.8356843212498,True,False,True,False,True,20.0,3.6226,,0.0,0.0,0.0,0.0,0,,,False,False,False,False,,,False,False,False,False,737.0,241.76601855755928,False,False,False,False,44.63445678777963,False,False,False,False
2025-06-30 19:15:00+00:00,3.76,3.76,3.76,3.76,0.0,,,3.7250758614460553,"rgba(38, 166, 154, 1.0)",,3.7150282888497492,,96.63184830858323,44.123683324644844,True,False,True,False,True,20.0,3.6288000000000005,,0.0,0.0,0.0,0.0,0,,,False,False,False,False,,,False,False,False,False,737.0,249.44406478147306,False,False,False,False,43.942449705798545,False,False,False,False
2025-06-30 19:20:00+00:00,3.76,3.76,3.76,3.76,0.0,,,3.7250758614460553,"rgba(38, 166, 154, 1.0)",,3.7150282888497492,,96.75248114088647,44.379631510588155,True,False,True,False,True,20.0,3.635,,0.0,0.0,0.0,0.0,0,,,False,False,False,False,,,False,False,False,False,737.0,257.00307152904713,False,False,False,False,43.261171415786166,False,False,False,False
2025-06-30 19:25:00+00:00,3.76,3.76,3.76,3.76,0.0,,,3.7250758614460553,"rgba(38, 166, 154, 1.0)",,3.7150282888497492,,96.85118073095276,44.60870404570389,True,False,True,False,True,20.0,3.6412,,0.0,0.0,0.0,0.0,0,,,False,False,False,False,,,False,False,False,False,737.0,264.444884373558,False,False,False,False,42.5904555798825,False,False,False,False
2025-06-30 19:30:00+00:00,3.76,3.76,3.76,3.76,0.0,,,3.7250758614460553,"rgba(38, 166, 154, 1.0)",,3.7150282888497492,,96.931934941007,44.81506248179903,True,False,True,False,True,20.0,3.6474,,0.0,0.0,0.0,0.0,0,,,False,False,False,False,,,False,False,False,False,737.0,271.7713202747432,False,False,False,False,41.93013843910913,False,False,False,False
2025-06-30 19:35:00+00:00,3.76,3.76,3.76,3.76,0.0,,,3.7250758614460553,"rgba(38, 166, 154, 1.0)",,3.7150282888497492,,96.998006567415,45.00206010710002,True,False,True,False,True,20.0,3.6536,,0.0,0.0,0.0,0.0,0,,,False,False,False,False,,,False,False,False,False,737.0,278.98416802242156,False,False,False,False,41.28005877338651,False,False,False,False
2025-06-30 19:40:00+00:00,3.77,3.77,3.77,3.77,197.0,,,3.737692721109054,"rgba(38, 166, 154, 1.0)",0.12466141531551976,3.7293222541538618,0.32630582400482394,97.11246953409247,45.230998708483625,True,False,True,False,True,20.0,3.6600000000000006,,0.0,0.0,0.0,0.0,0,,,False,False,False,False,,,False,False,False,False,934.0,289.1394522391282,False,False,False,False,43.694321428062686,False,False,False,False
2025-06-30 19:45:00+00:00,3.78,3.78,3.78,3.78,10.0,,,3.7441406071967465,"rgba(38, 166, 154, 1.0)",0.1262166020404236,3.732909794567175,0.37309042290445416,97.25563011394014,45.48140444330393,True,False,True,False,True,20.0,3.6666000000000003,,0.0,0.0,0.0,0.0,0,,,False,False,False,False,,,False,False,False,False,944.0,299.2923289485991,False,False,False,False,43.171928847782645,False,False,False,False
2025-06-30 19:50:00+00:00,3.78,3.78,3.78,3.78,0.0,,,3.7441406071967465,"rgba(38, 166, 154, 1.0)",0.12618490650878442,3.732909794567175,0.3731841369597292,97.37276149745188,45.6996327175445,True,False,True,False,True,20.0,3.6732000000000005,,0.0,0.0,0.0,0.0,0,,,False,False,False,False,,,False,False,False,False,944.0,309.2877967168379,False,False,False,False,42.502596617584466,False,False,False,False
2025-06-30 19:55:00+00:00,3.78,3.78,3.76,3.76,64.0,,,3.7531450728937394,"rgba(38, 166, 154, 0.5)",0.12559881792064406,3.7390554131591984,0.16675783409072037,93.84321558980903,45.52361097765626,False,True,True,False,False,20.0,3.6794,,-1.0,3.78,3.76,0.0,0,,,False,False,False,False,,,False,False,False,False,880.0,318.1360479305303,False,False,False,False,42.83588969328083,False,False,False,False
2025-07-01 13:30:00+00:00,3.76,3.76,3.76,3.76,0.0,,,3.7531450728937394,"rgba(38, 166, 154, 0.5)",0.12559881792064406,3.7390554131591984,0.16675783409072037,90.95540530173763,42.71151699677981,False,True,True,False,False,20.0,3.6856,,0.0,0.0,0.0,0.0,0,,,False,False,False,False,,,False,False,False,False,880.0,326.84711695486317,False,False,False,False,42.171767372454774,False,False,False,False
2025-07-01 13:35:00+00:00,3.76,3.76,3.5,3.5,3.0,,,3.750198474662258,"rgba(38, 166, 154, 0.5)",0.12488452323704562,3.737346108775953,-1.900524601638925,78.00645351641526,30.194802856894597,False,True,True,False,False,0.0,3.6866,,0.0,0.0,0.0,0.0,0,,,False,False,False,False,,,False,False,False,False,877.0,335.37661901757843,False,False,False,False,41.56445314962601,False,False,False,False
2025-07-01 13:40:00+00:00,3.5,3.5,3.5,3.5,0.0,,,3.750198474662258,"rgba(239, 83, 80, 1.0)",0.12416249161612522,3.737346108775953,-1.9115765613802211,67.41185660115153,20.246272848488076,False,True,False,True,False,0.0,3.6842,,0.0,0.0,0.0,0.0,0,,,False,False,False,False,,,False,False,False,False,877.0,343.77388073823613,False,False,False,False,40.92004302327522,False,False,False,False
2025-07-01 13:45:00+00:00,3.5,3.5,3.5,3.5,0.0,,,3.750198474662258,"rgba(239, 83, 80, 1.0)",0.12343258728392453,3.737346108775953,-1.9228804483373605,58.743550034117554,12.332985510546102,False,True,False,True,False,0.0,3.6818,,0.0,0.0,0.0,0.0,0,,,False,False,False,False,,,False,False,False,False,877.0,352.04095235469754,False,False,False,False,40.28562375159653,False,False,False,False
2025-07-01 13:50:00+00:00,3.5,3.5,3.5,3.5,0.0,,,3.750198474662258,"rgba(239, 83, 80, 1.0)",0.1226946697374504,3.737346108775953,-1.9344451497676385,51.6512992065443,6.029173428600281,False,True,False,True,False,0.0,3.6794,,0.0,0.0,0.0,0.0,0,,,False,False,False,False,,,False,False,False,False,877.0,360.17985231819057,False,False,False,False,39.66104043761829,False,False,False,False
2025-07-01 13:55:00+00:00,3.5,3.5,3.36,3.36,5.0,,,3.7410046101158527,"rgba(239, 83, 80, 1.0)",0.12470173424023649,3.7318503442736124,-2.98191798645917,44.653631291057124,-0.16370780768462367,False,True,False,True,False,0.0,3.6742000000000004,,0.0,0.0,0.0,0.0,0,,,False,False,False,False,,,False,False,False,False,872.0,368.1150484062806,False,False,False,False,39.12365996571722,False,False,False,False
2025-07-01 14:00:00+00:00,3.36,3.36,3.3,3.3,129.0,,,3.5722143561170414,"rgba(239, 83, 80, 1.0)",0.1284259523041401,3.6218146476208775,-2.505838125760997,38.61491527025146,-5.4212117467248575,False,True,False,True,False,0.0,3.6677999999999997,,0.0,0.0,0.0,0.0,0,,,False,False,False,False,,,False,False,False,False,743.0,373.92721819843126,False,False,False,False,40.517091594155715,False,False,False,False
2025-07-01 14:05:00+00:00,3.3,3.3,3.3,3.3,0.0,,,3.5722143561170414,"rgba(239, 83, 80, 1.0)",0.1320144682215547,3.6218146476208775,-2.437722561445226,33.67414761686501,-9.640613314109956,False,True,False,True,False,0.0,3.6614,,0.0,0.0,0.0,0.0,0,,,False,False,False,False,,,False,False,False,False,743.0,379.6492768310137,False,False,False,False,39.88891963145563,False,False,False,False
2025-07-01 14:10:00+00:00,3.3,3.3,3.3,3.3,0.0,,,3.5722143561170414,"rgba(239, 83, 80, 1.0)",0.13547806577563157,3.6218146476208775,-2.3754003703731827,29.631701355003365,-13.044332049144899,False,True,False,True,False,0.0,3.655,,0.0,0.0,0.0,0.0,0,,,False,False,False,False,,,False,False,False,False,743.0,385.2826213762693,False,False,False,False,39.27048676895244,False,False,False,False
2025-07-01 14:15:00+00:00,3.3,3.3,3.3,3.3,0.0,,,3.5722143561170414,"rgba(239, 83, 80, 1.0)",0.13882609511430025,3.6218146476208775,-2.3181135171735305,26.324245322571112,-15.808434769833077,False,True,False,True,False,0.0,3.6486,,0.0,0.0,0.0,0.0,0,,,False,False,False,False,,,False,False,False,False,743.0,390.8286272464046,False,False,False,False,38.661642012844645,False,False,False,False
2025-07-01 14:20:00+00:00,3.3,3.3,3.3,3.3,0.0,,,3.5722143561170414,"rgba(239, 83, 80, 1.0)",0.14206672712128976,3.6218146476208775,-2.265235879940612,23.61814493239927,-18.07190916486302,False,True,False,True,False,0.0,3.6422000000000003,,0.0,0.0,0.0,0.0,0,,,False,False,False,False,,,False,False,False,False,743.0,396.2886485294061,False,False,False,False,38.06223671031992,False,False,False,False
2025-07-01 14:25:00+00:00,3.3,3.3,3.3,3.3,0.0,,,3.5722143561170414,"rgba(239, 83, 80, 1.0)",0.14520715243099142,3.6218146476208775,-2.216245152068646,21.404062794985947,-19.944141241116384,False,True,False,True,False,0.0,3.6357999999999997,,0.0,0.0,0.0,0.0,0,,,False,False,False,False,,,False,False,False,False,743.0,401.6640183196478,False,False,False,False,37.472124513260695,False,False,False,False
2025-07-01 14:30:00+00:00,3.3,3.3,3.3,3.3,0.0,,,3.5722143561170414,"rgba(239, 83, 80, 1.0)",0.1482537391473525,3.6218146476208775,-2.170701727131613,19.592541046193226,-21.510936747544733,False,True,False,True,False,0.0,3.6294,,0.0,0.0,0.0,0.0,0,,,False,False,False,False,,,False,False,False,False,743.0,406.9560490433742,False,False,False,False,36.89116134251247,False,False,False,False
2025-07-01 14:35:00+00:00,3.3,3.3,3.3,3.3,0.0,,,3.5722143561170414,"rgba(239, 83, 80, 1.0)",0.15121215928991025,3.6218146476208775,-2.1282326046537117,18.11038688809009,-22.83936324665225,False,True,False,True,False,0.0,3.6229999999999993,,0.0,0.0,0.0,0.0,0,,,False,False,False,False,,,False,False,False,False,743.0,412.16603277913583,False,False,False,False,36.31920535270607,False,False,False,False
2025-07-01 14:40:00+00:00,3.3,3.3,3.3,3.3,0.0,,,3.5722143561170414,"rgba(239, 83, 80, 1.0)",0.1540874912345419,3.6218146476208775,-2.0885189644046602,16.89771530418753,-23.981637777903863,False,True,False,True,False,0.0,3.6165999999999996,,0.0,0.0,0.0,0.0,0,,,False,False,False,False,,,False,False,False,False,743.0,417.2952415732577,False,False,False,False,35.756116897625354,False,False,False,False
2025-07-01 14:45:00+00:00,3.3,3.3,3.3,3.3,0.0,,,3.5722143561170414,"rgba(239, 83, 80, 1.0)",0.1568843035000148,3.6218146476208775,-2.0512864604128307,15.905529462812705,-24.978242900569263,False,True,False,True,False,0.0,3.6102000000000003,,0.0,0.0,0.0,0.0,0,,,False,False,False,False,,,False,False,False,False,743.0,422.3449277504165,False,False,False,False,35.20175849611178,False,False,False,False
2025-07-01 14:50:00+00:00,3.3,3.3,3.3,3.3,0.0,,,3.5722143561170414,"rgba(239, 83, 80, 1.0)",0.15960672387561364,3.6218146476208775,-2.0162975581885734,15.093741047142395,-25.860419557981007,False,True,False,True,False,0.0,3.6038,,0.0,0.0,0.0,0.0,0,,,False,False,False,False,,,False,False,False,False,743.0,427.3163242194023,False,False,False,False,34.655994798497645,False,False,False,False
2025-07-01 14:55:00+00:00,3.3,3.3,3.3,3.3,0.0,,,3.5722143561170414,"rgba(239, 83, 80, 1.0)",0.16225849691100894,3.6218146476208775,-1.9833454256474325,14.429550525230322,-26.652157233995048,False,True,False,True,False,0.0,3.5974,,0.0,0.0,0.0,0.0,0,,,False,False,False,False,,,False,False,False,False,743.0,432.21064477414023,False,False,False,False,34.1186925535597,False,False,False,False
2025-07-01 15:00:00+00:00,3.3,3.3,3.3,3.3,24.0,,,3.3317662745098033,"rgba(239, 83, 80, 1.0)",0.16484303207968876,3.483896618771889,-1.1155862425715966,13.886121916393172,-27.371779101797422,False,True,False,True,False,0.0,3.5909999999999997,,0.0,0.0,0.0,0.0,0,,,False,False,False,False,,,False,False,False,False,743.0,437.029084390045,False,False,False,False,33.96181359924094,False,False,False,False
2025-07-01 15:05:00+00:00,3.3,3.3,3.3,3.3,0.0,,,3.3317662745098033,"rgba(239, 83, 80, 1.0)",0.16736344440325848,3.483896618771889,-1.0987860546703037,13.441498509162777,-28.033201336390828,False,True,False,True,False,0.0,3.5846,,0.0,0.0,0.0,0.0,0,,,False,False,False,False,,,False,False,False,False,743.0,441.7728195157807,False,False,False,False,33.43527385351627,False,False,False,False
2025-07-01 15:10:00+00:00,3.3,3.3,3.3,3.3,0.0,,,3.3317662745098033,"rgba(239, 83, 80, 1.0)",0.16982258893242613,3.483896618771889,-1.0828748986100027,13.077715721428817,-28.646930692201277,False,True,False,True,False,0.0,3.5782,,0.0,0.0,0.0,0.0,0,,,False,False,False,False,,,False,False,False,False,743.0,446.4430083604973,False,False,False,False,32.916897514702065,False,False,False,False
2025-07-01 15:15:00+00:00,3.3,3.3,3.25,3.25,100.0,,,3.2711827956989246,"rgba(239, 83, 80, 1.0)",0.17340074919048037,3.3911462482369514,-0.8139886874531468,12.370073107659712,-29.61855428356296,False,True,False,True,False,0.0,3.5708,3.5442,0.0,0.0,0.0,0.0,0,,,False,False,False,False,,,False,False,False,False,643.0,449.4904035797144,False,False,False,False,33.956945615249325,False,False,False,False
2025-07-01 15:20:00+00:00,3.25,3.25,3.25,3.25,0.0,,,3.2711827956989246,"rgba(239, 83, 80, 1.0)",0.1768658065130555,3.3911462482369514,-0.7980414700821925,11.791092787303171,-30.474103512246568,False,True,False,True,False,0.0,3.5618,3.5416000000000003,0.0,0.0,0.0,0.0,0,,,False,False,False,False,,,False,False,False,False,643.0,452.49055236142425,False,False,False,False,33.43048134214468,False,False,False,False
2025-07-01 15:25:00+00:00,3.25,3.26,3.23,3.24,204.0,,,3.2523920624732563,"rgba(239, 83, 80, 1.0)",0.18046815995282053,3.33438111616249,-0.5229793232621398,11.247111765026343,-31.30313395660452,False,True,False,True,False,0.0,3.5526,3.5399000000000003,0.0,0.0,0.0,0.0,0,,,False,False,False,False,,,False,False,False,False,439.0,452.2813965108595,True,False,False,False,36.07497000350678,False,False,False,False
2025-07-01 15:30:00+00:00,3.24,3.25,3.24,3.25,100.0,,,3.2510680402890264,"rgba(239, 83, 80, 0.75)",0.1837196257913154,3.3247935682632175,-0.4071071228295145,11.507160411850535,-31.340671425045002,False,True,False,True,True,0.0,3.5435999999999996,3.5383000000000004,0.0,0.0,0.0,0.0,0,,,False,False,False,False,,,False,False,False,False,539.0,453.6258709835593,False,False,False,False,37.06605573988652,False,False,False,False
2025-07-01 15:35:00+00:00,3.25,3.25,3.25,3.25,0.0,,,3.2510680402890264,"rgba(239, 83, 80, 0.75)",0.1868759766011423,3.3247935682632175,-0.4002310496166809,11.719927486524874,-31.43408777312586,False,True,False,True,True,0.0,3.5342,3.5363000000000007,0.0,0.0,0.0,0.0,0,,,False,False,False,False,,,False,False,False,False,539.0,454.9495008907909,False,False,False,False,36.49138820903557,False,False,False,False
2025-07-01 15:40:00+00:00,3.25,3.25,3.25,3.25,0.0,,,3.2510680402890264,"rgba(239, 83, 80, 0.75)",0.18994195414901366,3.3247935682632175,-0.3937706579797546,11.89400963853115,-31.5712515763946,False,True,False,True,True,0.0,3.5247999999999995,3.5343,0.0,0.0,0.0,0.0,0,,,False,False,False,False,,,False,False,False,False,539.0,456.2526094041119,False,False,False,False,35.925630252306334,False,False,False,False
2025-07-01 15:45:00+00:00,3.25,3.25,3.25,3.25,0.0,,,3.2510680402890264,"rgba(239, 83, 80, 0.75)",0.19320268962744627,3.3247935682632175,-0.38712488116724614,12.03644049017265,-31.742004410827363,False,True,False,True,True,0.0,3.5153999999999996,3.5323,0.0,0.0,0.0,0.0,0,,,False,False,False,False,,,False,False,False,False,539.0,457.53551468466827,False,False,False,False,35.3686437367667,False,False,False,False
2025-07-01 15:50:00+00:00,3.25,3.25,3.25,3.25,0.0,,,3.2510680402890264,"rgba(239, 83, 80, 0.75)",0.1962836704346017,3.3247935682632175,-0.3810483475146619,12.152974823333876,-31.937868384381453,False,True,False,True,True,0.0,3.506,3.5303000000000004,0.0,0.0,0.0,0.0,0,,,False,False,False,False,,,False,False,False,False,539.0,458.79852996087493,False,False,False,False,34.820292671080395,False,False,False,False
2025-07-01 15:55:00+00:00,3.25,3.25,3.25,3.25,0.0,,,3.2510680402890264,"rgba(239, 83, 80, 0.75)",0.1991932377013487,3.3247935682632175,-0.37548246680620656,12.248321095920334,-32.15179591997965,False,True,False,True,True,0.0,3.4965999999999995,3.5283,0.0,0.0,0.0,0.0,0,,,False,False,False,False,,,False,False,False,False,539.0,460.0419636048923,False,False,False,False,34.280443172303954,False,False,False,False
2025-07-01 16:00:00+00:00,3.25,3.25,3.25,3.25,0.0,,,3.2510680402890264,"rgba(239, 83, 80, 0.75)",0.20193880082658544,3.3247935682632175,-0.37037740125755386,12.326331682581982,-32.37795563018873,False,True,False,True,True,0.0,3.4871999999999996,3.5263,0.0,0.0,0.0,0.0,0,,,False,False,False,False,,,False,False,False,False,539.0,461.2661192079172,False,False,False,False,33.74896343319847,False,False,False,False
2025-07-01 16:05:00+00:00,3.25,3.25,3.25,3.25,0.0,,,3.2510680402890264,"rgba(239, 83, 80, 0.75)",0.20452696467527048,3.3247935682632175,-0.365690501406345,12.39015852621424,-32.611549048585076,False,True,False,True,True,0.0,3.4778,3.5243,0.0,0.0,0.0,0.0,0,,,False,False,False,False,,,False,False,False,False,539.0,462.47129565430606,False,False,False,False,33.225723690048106,False,False,False,False
2025-07-01 16:10:00+00:00,3.25,3.25,3.25,3.25,0.0,,,3.2510680402890264,"rgba(239, 83, 80, 0.75)",0.2069636343562463,3.3247935682632175,-0.3613850737394541,12.442380489186087,-32.84865376321926,False,True,False,True,True,0.0,3.4684,3.5223,0.0,0.0,0.0,0.0,0,,,False,False,False,False,,,False,False,False,False,539.0,463.6577871945493,False,False,False,False,32.71059619097759,False,False,False,False
2025-07-01 16:15:00+00:00,3.25,3.25,3.25,3.25,0.0,,,3.2510680402890264,"rgba(239, 83, 80, 0.75)",0.20925410218029025,3.3247935682632175,-0.35742940035066284,12.485107549799416,-33.08608915712436,False,True,False,True,True,0.0,3.4589999999999996,3.5203,0.0,0.0,0.0,0.0,0,,,False,False,False,False,,,False,False,False,False,539.0,464.8258835171144,False,False,False,False,32.20345516476088,False,False,False,False
2025-07-01 16:20:00+00:00,3.25,3.25,3.25,3.25,0.0,,,3.2510680402890264,"rgba(239, 83, 80, 0.75)",0.21140312031585382,3.3247935682632175,-0.3537959522615829,12.520066053937594,-33.32130151895272,False,True,False,True,True,0.0,3.4495999999999998,3.5183000000000004,0.0,0.0,0.0,0.0,0,,,False,False,False,False,,,False,False,False,False,539.0,465.9758698191746,False,False,False,False,31.704176790113426,False,False,False,False
2025-07-01 16:25:00+00:00,3.25,3.25,3.25,3.25,0.0,,,3.2510680402890264,"rgba(239, 83, 80, 0.75)",0.2134149618605641,3.3247935682632175,-0.35046075313165853,12.548668466414286,-33.55226575980573,False,True,False,True,True,0.0,3.4402,3.5162999999999998,0.0,0.0,0.0,0.0,0,,,False,False,False,False,,,False,False,False,False,539.0,467.10802687624164,False,False,False,False,31.212639165460505,False,False,False,False
2025-07-01 16:30:00+00:00,3.25,3.25,3.25,3.25,0.0,,,3.2510680402890264,"rgba(239, 83, 80, 0.75)",0.21529347244930436,3.3247935682632175,-0.34740286090573086,12.572070440258852,-33.777401373680675,False,True,False,True,True,0.0,3.4307999999999996,3.5143,0.0,0.0,0.0,0.0,0,,,False,False,False,False,,,False,False,False,False,539.0,468.22263111071845,False,False,False,False,30.728722279174296,False,False,False,False
2025-07-01 16:35:00+00:00,3.25,3.25,3.25,3.25,0.0,,,3.2510680402890264,"rgba(239, 83, 80, 0.75)",0.21704211406839774,3.3247935682632175,-0.3446039428073731,12.591217509768041,-33.99550061999963,False,True,False,True,True,0.0,3.4205999999999994,3.5123,0.0,0.0,0.0,0.0,0,,,False,False,False,False,,,False,False,False,False,539.0,469.31995465938945,False,False,False,False,30.252307980272366,False,False,False,False
2025-07-01 16:40:00+00:00,3.25,3.25,3.25,3.25,0.0,,,3.2510680402890264,"rgba(239, 83, 80, 0.75)",0.21866400240082054,3.3247935682632175,-0.34204792486198826,12.606883293911924,-34.20566719685454,False,True,False,True,True,0.0,3.4103999999999997,3.5103000000000004,0.0,0.0,0.0,0.0,0,,,False,False,False,False,,,False,False,False,False,539.0,470.400265439864,False,False,False,False,29.783279949570467,False,False,False,False
2025-07-01 16:45:00+00:00,3.25,3.25,3.25,3.25,0.0,,,3.2510680402890264,"rgba(239, 83, 80, 0.75)",0.22016193876162926,3.3247935682632175,-0.3397207014251312,12.61970075366601,-34.4072639208092,False,True,False,True,True,0.0,3.4002,3.5083,0.0,0.0,0.0,0.0,0,,,False,False,False,False,,,False,False,False,False,539.0,471.4638272159901,False,False,False,False,29.321523671282552,False,False,False,False
2025-07-01 16:50:00+00:00,3.25,3.25,3.25,3.25,0.0,,,3.2510680402890264,"rgba(239, 83, 80, 0.75)",0.22153843747593646,3.3247935682632175,-0.3376098934133792,12.63018776619208,-34.599868139966674,False,True,False,True,True,0.0,3.39,3.5063,0.0,0.0,0.0,0.0,0,,,False,False,False,False,,,False,False,False,False,539.0,472.51089966225373,False,False,False,False,28.866926405061115,False,False,False,False
2025-07-01 16:55:00+00:00,3.25,3.25,3.25,3.25,0.0,,,3.2510680402890264,"rgba(239, 83, 80, 0.75)",0.22279574938931415,3.3247935682632175,-0.3357046463778037,12.638768049167956,-34.783233787103605,False,True,False,True,True,0.0,3.3797999999999995,3.5043,0.0,0.0,0.0,0.0,0,,,False,False,False,False,,,False,False,False,False,539.0,473.54173842718,False,False,False,False,28.41937715847102,False,False,False,False
2025-07-01 17:00:00+00:00,3.25,3.25,3.25,3.25,0.0,,,3.2510680402890264,"rgba(239, 83, 80, 0.75)",0.22393588207180962,3.3247935682632175,-0.33399546142959524,12.645788280693672,-34.95725913366077,False,True,False,True,True,0.0,3.3695999999999997,3.5023,0.0,0.0,0.0,0.0,0,,,False,False,False,False,,,False,False,False,False,539.0,474.55659519575084,False,False,False,False,27.97876665989007,False,False,False,False
2025-07-01 17:05:00+00:00,3.25,3.25,3.25,3.25,0.0,,,3.2510680402890264,"rgba(239, 83, 80, 0.75)",0.22496061717393878,3.3247935682632175,-0.33247405347126757,12.65153210648744,-35.121959437196786,False,True,False,True,True,0.0,3.3594,3.5003,0.0,0.0,0.0,0.0,0,,,False,False,False,False,,,False,False,False,False,539.0,475.5557177508554,False,False,False,False,27.54498733182976,False,False,False,False
2025-07-01 17:10:00+00:00,3.25,3.25,3.25,3.25,0.0,,,3.2510680402890264,"rgba(239, 83, 80, 0.75)",0.22587152531017743,3.3247935682632175,-0.331133232312074,12.656231600318705,-35.277443787870865,False,True,False,True,True,0.0,3.3491999999999997,3.4983000000000004,0.0,0.0,0.0,0.0,0,,,False,False,False,False,,,False,False,False,False,539.0,476.53935003378785,False,False,False,False,27.117933264669606,False,False,False,False
2025-07-01 17:15:00+00:00,3.25,3.25,3.25,3.25,0.0,,,3.2510680402890264,"rgba(239, 83, 80, 0.75)",0.22666997877813347,3.3247935682632175,-0.32996680313111104,12.660076640726103,-35.42389555641867,False,True,False,True,True,0.0,3.339,3.4962999999999997,0.0,0.0,0.0,0.0,0,,,False,False,False,False,,,False,False,False,False,539.0,477.5077322038066,False,False,False,False,26.69750019079876,False,False,False,False
2025-07-01 17:20:00+00:00,3.25,3.25,3.25,3.25,0.0,,,3.2510680402890264,"rgba(239, 83, 80, 0.75)",0.22735716236635142,3.3247935682632175,-0.32896948345396326,12.66322258287761,-35.56155592928489,False,True,False,True,True,0.0,3.3286,3.4943,0.0,0.0,0.0,0.0,0,,,False,False,False,False,,,False,False,False,False,539.0,478.4611006967708,False,False,False,False,26.283585459158466,False,False,False,False
2025-07-01 17:25:00+00:00,3.25,3.25,3.25,3.25,0.0,,,3.2510680402890264,"rgba(239, 83, 80, 0.75)",0.22697525364181445,3.3247935682632175,-0.3295230077427201,12.665796535547026,-35.690710088078134,False,True,False,True,True,0.0,3.3179999999999996,3.4923,0.0,0.0,0.0,0.0,0,,,False,False,False,False,,,False,False,False,False,539.0,479.3996882828674,False,False,False,False,25.876088010179263,False,False,False,False
2025-07-01 17:30:00+00:00,3.265,3.265,3.265,3.265,100.0,,,3.2649999999999997,"rgba(239, 83, 80, 0.5)",0.22625758660318057,3.263622236628425,0.00608935767529157,15.673257394573056,-35.937325103524074,True,False,False,True,True,0.0,3.3076999999999996,3.49045,0.0,0.0,0.0,0.0,0,,,False,False,False,False,,,False,False,False,False,639.0,481.8741117203423,False,False,False,False,27.02529594800594,False,False,False,False
2025-07-01 17:35:00+00:00,3.265,3.265,3.265,3.265,0.0,,,3.2649999999999997,#000000,0.22538641493230313,3.263622236628425,0.006112894479415934,18.13390718832163,-33.50773116720204,True,False,False,False,True,0.0,3.2977999999999996,3.4886,0.0,0.0,0.0,0.0,0,,,False,False,False,False,-0.31538393437612444,-0.31538393437612444,False,False,False,False,639.0,484.3101720037478,False,False,False,False,26.60629911160275,False,False,False,False
2025-07-01 17:40:00+00:00,3.265,3.265,3.265,3.265,0.0,,,3.2649999999999997,"rgba(38, 166, 154, 1.0)",0.22403470612730933,3.263622236628425,0.00614977650289639,20.14716611047955,-31.56360887366911,True,False,True,False,True,0.0,3.2879,3.4867499999999993,0.0,0.0,0.0,0.0,0,0.6966824644549765,1.3033175355450235,False,False,False,False,-0.31538393437612444,-0.31538393437612444,False,False,False,False,639.0,486.70846391066647,False,False,False,False,26.19379835018255,False,False,False,False
2025-07-01 17:45:00+00:00,3.285,3.285,3.285,3.285,0.0,,,3.2649999999999997,"rgba(38, 166, 154, 1.0)",0.2223138354701339,3.263622236628425,0.0961602921670027,24.740549122312345,-27.14692027153606,True,False,True,False,True,0.0,3.2836000000000003,3.4851,0.0,0.0,0.0,0.0,0,0.7743589743589744,1.328205128205128,False,False,False,False,-0.2883920822180766,-0.3018880082971005,False,False,False,False,639.0,489.06957299732284,False,False,False,False,25.787692949404526,False,False,False,False
2025-07-01 17:50:00+00:00,3.285,3.285,3.285,3.285,0.0,,,3.2649999999999997,"rgba(38, 166, 154, 1.0)",0.22042491724880944,3.263622236628425,0.0969843320727866,28.498771586539178,-23.62569225915434,True,False,True,False,True,0.0,3.2793,3.4817499999999995,0.0,0.0,0.0,0.0,0,0.7743589743589744,1.2256410256410255,False,False,False,False,-0.2883920822180766,-0.2951400452575885,False,False,False,False,639.0,491.3940757415504,False,False,False,False,25.3878837563905,False,False,False,False
2025-07-01 17:55:00+00:00,3.285,3.285,3.285,3.285,8.0,,,3.270185185185185,"rgba(38, 166, 154, 1.0)",0.2183635905036781,3.268333333333332,0.07632530051472665,31.57368087545204,-20.81375111644647,True,False,True,False,True,0.0,3.275,3.4783999999999997,0.0,0.0,0.0,0.0,0,0.7647058823529412,1.2780748663101604,False,False,False,False,-0.2883920822180766,-0.29176606373783254,False,False,False,False,639.0,493.6825396835419,False,False,False,False,25.118304163268167,False,False,False,False
2025-07-01 18:00:00+00:00,3.285,3.285,3.285,3.285,0.0,,,3.270185185185185,"rgba(38, 166, 154, 1.0)",0.21612492216767218,3.268333333333332,0.07711589436102954,34.08951574819893,-18.56252116838905,True,False,True,False,True,0.0,3.2706999999999997,3.47505,0.0,0.0,0.0,0.0,0,0.7219251336898396,1.2780748663101604,False,False,False,False,-0.2883920822180766,-0.29007907297795454,False,False,False,False,639.0,495.9355235644172,False,False,False,False,24.728873090969437,False,False,False,False
2025-07-01 18:05:00+00:00,3.285,3.285,3.285,3.285,0.0,,,3.270185185185185,"rgba(38, 166, 154, 1.0)",0.21370333904063715,3.268333333333332,0.07798973446783,36.1479260986282,-16.75367274830524,True,False,True,False,True,0.0,3.2691999999999997,3.4717000000000002,0.0,0.0,0.0,0.0,0,0.7219251336898396,1.2780748663101604,False,False,False,False,-0.2883920822180766,-0.28923557759801555,False,False,False,False,639.0,498.15357746264334,False,False,False,False,24.345479709714095,False,False,False,False
2025-07-01 18:10:00+00:00,3.285,3.285,3.285,3.285,0.0,,,3.270185185185185,"rgba(38, 166, 154, 1.0)",0.21109254620441595,3.268333333333332,0.07895431158676924,37.83208002170669,-15.293172618029601,True,False,True,False,True,0.0,3.2689,3.4683500000000005,0.0,0.0,0.0,0.0,0,0.7219251336898396,1.2780748663101604,False,False,False,False,-0.2883920822180766,-0.28881382990804605,False,False,False,False,639.0,500.3372429283388,False,False,False,False,23.96803041188907,False,False,False,False
2025-07-01 18:15:00+00:00,3.285,3.285,3.285,3.285,0.0,,,3.270185185185185,"rgba(38, 166, 154, 1.0)",0.20828542872659203,3.268333333333332,0.08001839959983763,39.21002414058909,-14.106473868486617,True,False,True,False,True,0.0,3.2686,3.465,0.0,0.0,0.0,0.0,0,0.7219251336898396,1.2780748663101604,False,False,False,False,-0.2883920822180766,-0.2886029560630613,False,False,False,False,639.0,502.48705311549634,False,False,False,False,23.596433041162108,False,False,False,False
2025-07-01 18:20:00+00:00,3.285,3.285,3.285,3.285,0.0,,,3.270185185185185,"rgba(38, 166, 154, 1.0)",0.2052739325569319,3.268333333333332,0.08119231925390968,40.33743296512924,-13.134631077756843,True,False,True,False,True,0.0,3.2683000000000004,3.46165,0.0,0.0,0.0,0.0,0,0.7219251336898396,1.2780748663101604,False,False,False,False,-0.2883920822180766,-0.288497519140569,False,False,False,False,639.0,504.60353291215534,False,False,False,False,23.230596869981298,False,False,False,False
2025-07-01 18:25:00+00:00,3.285,3.285,3.285,3.285,0.0,,,3.270185185185185,"rgba(38, 166, 154, 1.0)",0.20204891923929272,3.268333333333332,0.08248827427247506,41.25985836702573,-12.33116628487479,True,False,True,False,True,0.0,3.2680000000000002,3.4583,0.0,0.0,0.0,0.0,0,0.7219251336898396,1.2780748663101604,False,False,False,False,-0.2883920822180766,-0.28844480067932277,False,False,False,False,639.0,506.687199068556,False,False,False,False,22.870432577423447,False,False,False,False
2025-07-01 18:30:00+00:00,3.285,3.285,3.285,3.285,0.0,,,3.270185185185185,"rgba(38, 166, 154, 1.0)",0.19859998729847755,3.268333333333332,0.0839207841520124,42.01457005948649,-11.659543789970542,True,False,True,False,True,0.0,3.2676999999999996,3.45495,0.0,0.0,0.0,0.0,0,0.7219251336898396,1.2780748663101604,False,False,False,False,-0.2883920822180766,-0.28841844144869966,False,False,False,False,639.0,508.7385603233071,False,False,False,False,22.515852227385874,False,False,False,False
2025-07-01 18:35:00+00:00,3.285,3.285,3.285,3.285,0.0,,,3.270185185185185,"rgba(38, 166, 154, 1.0)",0.19491525069874718,3.268333333333332,0.08550724792913839,42.63206144422711,-11.091138258298336,True,False,True,False,True,0.0,3.2674000000000003,3.4516000000000004,0.0,0.0,0.0,0.0,0,0.7219251336898396,1.2780748663101604,False,False,False,False,-0.2883920822180766,-0.2884052618333881,False,False,False,False,639.0,510.75811752759694,False,False,False,False,22.166769247116324,False,False,False,False
2025-07-01 18:40:00+00:00,3.285,3.31,3.285,3.31,7.0,,,3.283367149758454,"rgba(38, 166, 154, 1.0)",0.1898023391002557,3.275995169082125,0.17915917727395944,46.52675817958735,-7.31580996895908,True,False,True,False,True,0.0,3.2676,3.4485,0.0,0.0,0.0,0.0,0,0.7291666666666666,1.2447916666666667,False,False,False,False,-0.2717297725653106,-0.28006751719934936,False,False,False,False,646.0,512.8548908992622,False,False,False,False,21.931625537858707,False,False,False,False
2025-07-01 18:45:00+00:00,3.31,3.31,3.29,3.29,100.0,,,3.290663348232426,"rgba(38, 166, 154, 0.75)",0.18444401479743158,3.2861650074495463,0.02079217671912834,47.1066176529961,-6.811609039544116,True,False,True,False,False,0.0,3.2674000000000003,3.4452,0.0,0.0,0.0,0.0,0,0.7397959183673468,1.239795918367347,False,False,False,False,-0.26841518338669035,-0.2742413502930199,False,False,False,False,546.0,513.3687685597387,False,False,False,False,23.141987932620587,False,False,False,False
2025-07-01 18:50:00+00:00,3.29,3.29,3.29,3.29,0.0,,,3.290663348232426,"rgba(38, 166, 154, 0.75)",0.17870270747153846,3.2861650074495463,0.021460181575953512,47.581048131239626,-6.373512629357457,True,False,True,False,False,0.0,3.2672000000000003,3.4419,0.0,0.0,0.0,0.0,0,0.7397959183673468,1.2602040816326532,False,False,False,False,-0.28170892594801666,-0.2779751381205183,False,False,False,False,546.0,513.8746791247039,False,False,False,False,22.783197422037322,False,False,False,False
2025-07-01 18:55:00+00:00,3.29,3.29,3.29,3.29,0.0,,,3.290663348232426,"rgba(38, 166, 154, 0.75)",0.17254018986055897,3.2861650074495463,0.02222666239994884,47.96921852252978,-5.986872337326105,True,False,True,False,False,0.0,3.267,3.4385999999999997,0.0,0.0,0.0,0.0,0,0.7397959183673468,1.2602040816326532,False,False,False,False,-0.28170892594801666,-0.2798420320342675,False,False,False,False,546.0,514.3727461150186,False,False,False,False,22.42996955502899,False,False,False,False
2025-07-01 19:00:00+00:00,3.29,3.29,3.29,3.29,0.0,,,3.290663348232426,"rgba(38, 166, 154, 0.75)",0.16590953249579612,3.2861650074495463,0.02311496206856524,48.28681247903991,-5.64048467131235,True,False,True,False,False,0.0,3.2668,3.4353,0.0,0.0,0.0,0.0,0,0.7397959183673468,1.2602040816326532,False,False,False,False,-0.28170892594801666,-0.2807754789911421,False,False,False,False,546.0,514.8630911364911,False,False,False,False,22.08221808905955,False,False,False,False
2025-07-01 19:05:00+00:00,3.29,3.29,3.29,3.29,0.0,,,3.290663348232426,"rgba(38, 166, 154, 0.75)",0.1587520873098238,3.2861650074495463,0.024157115761062532,48.54666207982092,-5.32583468235331,True,False,True,False,False,0.0,3.2665999999999995,3.432,0.0,0.0,0.0,0.0,0,0.7397959183673468,1.2602040816326532,False,False,False,False,-0.28170892594801666,-0.28124220246957937,False,False,False,False,546.0,515.3458339095687,False,False,False,False,21.73985811868653,False,False,False,False
2025-07-01 19:10:00+00:00,3.29,3.29,3.29,3.29,0.0,,,3.290663348232426,"rgba(38, 166, 154, 0.75)",0.1509929596831409,3.2861650074495463,0.025398485853257408,48.75926629864175,-5.036495308051158,True,False,True,False,False,0.0,3.2664000000000004,3.4287,0.0,0.0,0.0,0.0,0,0.7397959183673468,1.2602040816326532,False,False,False,False,-0.28170892594801666,-0.28147556420879805,False,False,False,False,546.0,515.8210922985676,False,False,False,False,21.402806054830926,False,False,False,False
2025-07-01 19:15:00+00:00,3.29,3.29,3.29,3.29,0.0,,,3.290663348232426,"rgba(38, 166, 154, 0.75)",0.1425339219937475,3.2861650074495463,0.026905823517730385,48.9332152049497,-4.767651776925646,True,False,True,False,False,0.0,3.2662,3.4254000000000002,0.0,0.0,0.0,0.0,0,0.7397959183673468,1.2602040816326532,False,False,False,False,-0.28170892594801666,-0.28159224507840735,False,False,False,False,546.0,516.2889823404502,False,False,False,False,21.07097960436843,False,False,False,False
2025-07-01 19:20:00+00:00,3.29,3.29,3.29,3.29,0.0,,,3.290663348232426,"rgba(38, 166, 154, 0.75)",0.13324173655563473,3.2861650074495463,0.028782216815767998,49.07553703738348,-4.515726283543906,True,False,True,False,False,0.0,3.2659999999999996,3.4221000000000004,0.0,0.0,0.0,0.0,0,0.7397959183673468,1.2602040816326532,False,False,False,False,-0.28170892594801666,-0.281650585513212,False,False,False,False,546.0,516.7496182731563,False,False,False,False,20.744297750037134,False,False,False,False
2025-07-01 19:25:00+00:00,3.29,3.29,3.29,3.29,0.0,,,3.290663348232426,"rgba(38, 166, 154, 0.75)",0.12243060178016399,3.2861650074495463,0.031323807076761905,49.19198217301111,-4.27808290340797,True,False,True,False,False,0.0,3.2668,3.4188,0.0,0.0,0.0,0.0,0,0.7397959183673468,1.2602040816326532,False,False,False,False,-0.28170892594801666,-0.2816797557306143,False,False,False,False,546.0,517.203112563495,False,False,False,False,20.42268073065671,False,False,False,False
2025-07-01 19:30:00+00:00,3.29,3.29,3.29,3.29,0.0,,,3.290663348232426,"rgba(38, 166, 154, 0.75)",0.10961616077341688,3.2861650074495463,0.034985649227223685,49.28725546579736,-4.052796580589401,True,False,True,False,False,0.0,3.2676,3.4147000000000003,0.0,0.0,0.0,0.0,0,0.7397959183673468,1.2602040816326532,False,False,False,False,-0.28170892594801666,-0.2816943408393155,False,False,False,False,546.0,517.6495759346036,False,False,False,False,20.10605002165428,False,False,False,False
2025-07-01 19:35:00+00:00,3.29,3.29,3.29,3.29,0.0,,,3.290663348232426,"rgba(38, 166, 154, 0.75)",0.09463419377070603,3.2861650074495463,0.040524385506423996,49.36520634171338,-3.838473156160809,True,False,True,False,False,0.0,3.2686,3.4106,0.0,0.0,0.0,0.0,0,0.7397959183673468,1.2602040816326532,False,False,False,False,-0.28170892594801666,-0.28170163339366605,False,False,False,False,546.0,518.0891173929818,False,False,False,False,19.794328315892198,False,False,False,False
2025-07-01 19:40:00+00:00,3.275,3.275,3.275,3.275,24.0,,,3.288036708085712,#000000,0.07791644866762028,3.2845169593427164,-0.12214313544132843,47.32019413164664,-3.838473156160809,True,False,False,False,False,0.0,3.2691000000000003,3.4063499999999998,0.0,0.0,0.0,0.0,0,0.743718592964824,1.256281407035176,False,False,False,False,-0.3018346405665165,-0.2917681369800913,False,False,False,False,522.0,518.1497512318504,False,False,False,False,19.85953252804891,False,False,False,False
2025-07-01 19:45:00+00:00,3.275,3.275,3.275,3.275,0.0,,,3.288036708085712,"rgba(239, 83, 80, 0.5)",0.0556915572555707,3.2845169593427164,-0.17088693173083247,45.64700232341021,-1.2772259667966992,False,False,False,True,False,0.0,3.2696000000000005,3.4019,0.0,0.0,0.0,0.0,0,0.743718592964824,1.256281407035176,False,False,False,False,-0.3018346405665165,-0.29680138877330386,False,False,False,False,522.0,518.2094450112015,False,False,False,False,19.55163279893187,False,False,False,False
2025-07-01 19:50:00+00:00,3.275,3.275,3.275,3.275,0.0,,,3.288036708085712,"rgba(239, 83, 80, 1.0)",0.049857183421646585,3.2845169593427164,-0.19088441603751852,44.27802720758041,-2.673764818287985,False,True,False,True,False,0.0,3.2701000000000007,3.39745,0.0,0.0,0.0,0.0,0,0.743718592964824,1.256281407035176,False,False,False,False,-0.3018346405665165,-0.29931801466991015,False,False,False,False,522.0,518.2682133056015,False,False,False,False,19.24850670902595,False,False,False,False
2025-07-01 19:55:00+00:00,3.275,3.275,3.245,3.25,384.0,3.2566666666666664,,3.265015780895138,"rgba(239, 83, 80, 1.0)",0.04318063880454472,3.265508157970308,-0.35914609879916376,40.98320704459991,-5.922549082006178,False,True,False,True,False,0.0,3.2701000000000007,3.3927500000000004,1.0,3.275,3.245,0.0,0,0.7219512195121951,1.2487804878048783,False,False,False,False,-0.3222005693646477,-0.3107592920172789,False,False,False,False,138.0,512.3725820915612,True,False,False,False,24.90356862051392,False,False,False,False
2025-07-02 13:30:00+00:00,3.25,3.25,3.25,3.25,0.0,3.2566666666666664,,3.265015780895138,"rgba(239, 83, 80, 1.0)",0.03494100562197477,3.265508157970308,-0.44383834106236425,38.28744509307041,-8.531091535321266,False,True,False,True,False,0.0,3.2701000000000007,3.3880500000000002,0.0,0.0,0.0,0.0,0,0.7268292682926829,1.273170731707317,False,False,False,False,-0.3359218878875251,-0.323340589952402,False,False,False,False,138.0,506.56835601262225,True,False,False,False,24.517466781436184,False,False,False,False
2025-07-02 13:35:00+00:00,3.25,3.25,3.25,3.25,0.0,3.2566666666666664,,3.265015780895138,"rgba(239, 83, 80, 1.0)",0.023551171046439882,3.265508157970308,-0.6584877643548139,36.081821678182635,-10.631713087924823,False,True,False,True,False,0.0,3.2701000000000007,3.3833500000000005,0.0,0.0,0.0,0.0,0,0.7268292682926829,1.273170731707317,False,False,False,False,-0.3359218878875251,-0.32963123891996354,False,False,False,False,138.0,500.8541179349072,True,False,False,False,24.13735101738291,False,False,False,False
2025-07-02 13:40:00+00:00,3.25,3.25,3.25,3.25,0.0,3.2566666666666664,,3.265015780895138,"rgba(239, 83, 80, 1.0)",0.021505708439772717,3.265508157970308,-0.7211182097878344,34.27722070236537,-12.329989178356271,False,True,False,True,False,0.0,3.2701000000000007,3.37865,0.0,0.0,0.0,0.0,0,0.6725146198830408,1.5263157894736845,False,False,False,False,-0.3359218878875251,-0.3327765634037443,False,False,False,False,138.0,495.22847269560634,True,False,False,False,23.763128520989373,False,False,False,False
2025-07-02 13:45:00+00:00,3.25,3.25,3.25,3.25,0.0,3.2566666666666664,,3.265015780895138,"rgba(239, 83, 80, 1.0)",0.021440678690370817,3.265508157970308,-0.7233053670671751,32.80072899487851,-13.709990878648796,False,True,False,True,False,0.0,3.2701000000000007,3.3739500000000002,0.0,0.0,0.0,0.0,0,0.47368421052631554,1.5263157894736845,False,False,False,False,-0.3359218878875251,-0.3343492256456347,False,False,False,False,138.0,489.6900467623411,True,False,False,False,23.39470792376473,False,False,False,False
2025-07-02 13:50:00+00:00,3.25,3.25,3.25,3.25,0.0,3.2566666666666664,,3.265015780895138,"rgba(239, 83, 80, 1.0)",0.02135436744579502,3.265508157970308,-0.7262288620664247,31.59269032511654,-14.838524283755234,False,True,False,True,False,0.0,3.2701000000000007,3.36925,0.0,0.0,0.0,0.0,0,0.47368421052631554,1.5263157894736845,False,False,False,False,-0.3359218878875251,-0.3351355567665799,False,False,False,False,138.0,484.2374878978087,True,False,False,False,23.03199927378388,False,False,False,False
2025-07-02 13:55:00+00:00,3.25,3.25,3.25,3.25,0.0,3.2566666666666664,,3.265015780895138,"rgba(239, 83, 80, 1.0)",0.021246515347591435,3.265508157970308,-0.7299153633711549,30.604295049856745,-15.768556290297525,False,True,False,True,False,0.0,3.2701000000000007,3.36455,0.0,0.0,0.0,0.0,0,0.47368421052631554,1.5263157894736845,False,False,False,False,-0.3359218878875251,-0.3355287223270525,False,False,False,False,138.0,478.86946482962566,True,False,False,False,22.674914013725218,False,False,False,False
2025-07-02 14:00:00+00:00,3.25,3.315,3.25,3.315,300.0,3.2727485380116956,,3.277179110296205,"rgba(239, 83, 80, 0.75)",0.021588493765524408,3.2760317725551085,1.8050461448645163,37.094437170851016,-16.738418513687257,False,True,False,True,True,0.0,3.2714000000000003,3.3605,0.0,0.0,0.0,0.0,0,0.5108695652173911,1.4184782608695654,False,False,False,False,-0.2917430508674535,-0.313635886597253,False,False,False,False,438.0,478.235829715988,False,False,False,True,26.97452774994653,False,False,False,False
2025-07-02 14:05:00+00:00,3.315,3.315,3.315,3.315,10.0,3.27335734870317,,3.2816476461800463,#000000,0.021923289685438475,3.2784810220896667,1.6657617736351509,42.40455345166451,-11.715899854453745,True,False,False,False,True,0.0,3.2727000000000004,3.3564499999999997,0.0,0.0,0.0,0.0,0,0.5815217391304346,1.4184782608695654,False,False,False,False,-0.24864537818381918,-0.2811406323905361,False,False,False,False,438.0,477.61201840256183,False,False,False,True,26.711356777079143,False,False,False,False
2025-07-02 14:10:00+00:00,3.315,3.315,3.315,3.315,0.0,3.27335734870317,,3.2816476461800463,"rgba(38, 166, 154, 1.0)",0.02225122731711981,3.2784810220896667,1.641211848221782,46.74919404505737,-7.693348019281274,True,False,True,False,True,0.0,3.2740000000000005,3.3524000000000003,0.0,0.0,0.0,0.0,0,0.5815217391304346,1.4184782608695654,False,False,False,False,-0.24864537818381918,-0.26489300528717763,False,False,False,False,438.0,476.99787858236704,False,False,False,False,26.297227214643808,False,True,False,False
2025-07-02 14:15:00+00:00,3.315,3.315,3.315,3.315,0.0,3.27335734870317,,3.2816476461800463,"rgba(38, 166, 154, 1.0)",0.0225726055767504,3.2784810220896667,1.6178450372582356,50.30389998510608,-4.461749730949165,True,False,True,False,True,0.0,3.2753,3.34795,0.0,0.0,0.0,0.0,0,0.5815217391304346,1.4184782608695654,False,False,False,False,-0.24864537818381918,-0.2567691917354984,False,False,False,False,438.0,476.3932603097722,False,False,False,False,25.88951826557956,False,True,False,False
2025-07-02 14:20:00+00:00,3.315,3.315,3.315,3.315,0.0,3.27335734870317,,3.2816476461800463,"rgba(38, 166, 154, 1.0)",0.022887700776789848,3.2784810220896667,1.5955721488357921,53.212295754236834,-1.854666535622215,True,False,True,False,True,0.0,3.2766,3.3435,0.0,0.0,0.0,0.0,0,0.5815217391304346,1.4184782608695654,False,False,False,False,-0.24864537818381918,-0.2527072849596588,False,False,False,False,438.0,475.7980159638842,False,False,False,False,25.488130385493054,False,True,False,False
2025-07-02 14:25:00+00:00,3.315,3.315,3.315,3.315,0.0,3.27335734870317,,3.2816476461800463,"rgba(38, 166, 154, 1.0)",0.023196768958005962,3.2784810220896667,1.574313128541521,55.59189229261654,0.2601485447236058,True,False,True,False,True,0.0,3.2779000000000003,3.33905,0.0,0.0,0.0,0.0,0,0.5815217391304346,1.4184782608695654,False,False,False,False,-0.24864537818381918,-0.25067633157173896,False,False,False,False,438.0,475.21200021250615,False,False,False,False,25.092965573314867,False,True,False,False
2025-07-02 14:30:00+00:00,3.315,3.315,3.315,3.315,0.0,3.27335734870317,,3.2816476461800463,"rgba(38, 166, 154, 1.0)",0.02350004792023349,3.2784810220896667,1.5539958911696705,57.538834914927214,1.9875273448364368,True,False,True,False,True,0.0,3.2792000000000003,3.3346,0.0,0.0,0.0,0.0,0,0.5815217391304346,1.4184782608695654,False,False,False,False,-0.24864537818381918,-0.24966085487777906,False,False,False,False,438.0,474.6350699766533,False,False,False,False,24.703927347372,False,True,False,False
2025-07-02 14:35:00+00:00,3.315,3.315,3.315,3.315,0.0,3.27335734870317,,3.2816476461800463,"rgba(38, 166, 154, 1.0)",0.023797758998156747,3.2784810220896667,1.5345553299015164,59.13178796954504,3.4103581875363886,True,False,True,False,True,0.0,3.2805,3.3301499999999997,0.0,0.0,0.0,0.0,0,0.5815217391304346,1.4184782608695654,False,False,False,False,-0.24864537818381918,-0.24915311653079913,False,False,False,False,438.0,474.06708439561993,False,False,False,False,24.32092072183135,False,True,False,False
2025-07-02 14:40:00+00:00,3.315,3.315,3.315,3.315,0.0,3.27335734870317,,3.2816476461800463,"rgba(38, 166, 154, 1.0)",0.0240901086202273,3.2784810220896667,1.5159324719553147,60.43511319605053,4.59399896341332,True,False,True,False,True,0.0,3.2818,3.3257,0.0,0.0,0.0,0.0,0,0.5815217391304346,1.4184782608695654,False,False,False,False,-0.24864537818381918,-0.24889924735730917,False,False,False,False,438.0,473.50790479258706,False,False,False,False,23.943852183508383,False,True,False,False
2025-07-02 14:45:00+00:00,3.315,3.315,3.3,3.3,45.0,3.2752841677943167,,3.3042240717029445,"rgba(38, 166, 154, 1.0)",0.0240901086202273,3.290759004228849,0.3836012496594469,59.458295014611984,4.59399896341332,True,False,True,False,True,0.0,3.2828000000000004,3.3211,0.0,0.0,0.0,0.0,0,0.5721925133689837,1.411764705882353,False,False,False,False,-0.2585055692197639,-0.2537024082885365,False,False,False,False,393.0,472.25972022215933,False,False,False,False,24.270304087640035,False,False,False,False
2025-07-02 14:50:00+00:00,3.3,3.3,3.3,3.3,0.0,3.2752841677943167,,3.3042240717029445,"rgba(38, 166, 154, 0.75)",0.0240901086202273,3.290759004228849,0.3836012496594469,58.659080138889536,4.59399896341332,True,False,True,False,False,0.0,3.2838,3.3165000000000004,0.0,0.0,0.0,0.0,0,0.5721925133689837,1.4278074866310164,False,False,False,False,-0.26841518338669035,-0.26105879583761343,False,False,False,False,393.0,471.0308873504979,False,False,False,False,23.894020303335537,False,False,False,False
2025-07-02 14:55:00+00:00,3.3,3.3,3.3,3.3,0.0,3.2752841677943167,,3.3042240717029445,"rgba(38, 166, 154, 0.75)",0.0240901086202273,3.290759004228849,0.3836012496594469,58.00517705875299,4.59399896341332,True,False,True,False,False,0.0,3.2848,3.3118999999999996,0.0,0.0,0.0,0.0,0,0.5721925133689837,1.4278074866310164,False,False,False,False,-0.26841518338669035,-0.26473698961215186,False,False,False,False,393.0,469.8211061512653,False,False,False,False,23.52357037615204,False,False,False,False
2025-07-02 15:00:00+00:00,3.3,3.3,3.3,3.3,0.0,3.2752841677943167,,3.3042240717029445,"rgba(38, 166, 154, 0.75)",0.024134943453352205,3.290759004228849,0.3828886439701803,57.470165447732185,4.59399896341332,True,False,True,False,False,0.0,3.2858000000000005,3.3072,0.0,0.0,0.0,0.0,0,0.5721925133689837,1.4278074866310164,False,False,False,False,-0.26841518338669035,-0.2665760864994211,False,False,False,False,393.0,468.6300812496953,False,False,False,False,23.158863858692317,False,False,False,False
2025-07-02 15:05:00+00:00,3.3,3.3,3.3,3.3,0.0,3.2752841677943167,,3.3042240717029445,"rgba(38, 166, 154, 0.75)",0.024161058684539605,3.290759004228849,0.3824747868794432,57.03242867507879,4.59399896341332,True,False,True,False,False,0.0,3.2868,3.3024,0.0,0.0,0.0,0.0,0,0.5721925133689837,1.4278074866310164,False,False,False,False,-0.26841518338669035,-0.2674956349430557,False,False,False,False,393.0,467.4575218504752,False,False,False,False,22.799811705844373,False,False,False,False
2025-07-02 15:10:00+00:00,3.285,3.285,3.285,3.285,0.0,3.2752841677943167,,3.3042240717029445,#000000,0.023852021275353713,3.290759004228849,-0.24144722002237404,54.85480958437775,4.59399896341332,True,False,False,False,False,0.0,3.2872,3.29745,0.0,0.0,0.0,0.0,0,0.5789473684210522,1.4210526315789478,False,False,False,False,-0.2883920822180766,-0.27794385858056614,False,False,False,False,393.0,466.30314166674685,False,False,False,False,22.446326253040585,False,False,False,False
2025-07-02 15:15:00+00:00,3.28,3.28,3.28,3.28,0.0,3.2752841677943167,,3.3042240717029445,"rgba(239, 83, 80, 1.0)",0.023678020370158773,3.290759004228849,-0.4543878272192257,52.580768078744015,8.213690253823657,False,True,False,True,False,0.0,3.2875,3.29265,0.0,0.0,0.0,0.0,0,0.5811518324607328,1.4188481675392672,False,False,False,False,-0.29510040387140185,-0.286522131225984,False,False,False,False,393.0,465.16665885020814,False,False,False,False,22.09832119485391,False,False,False,False
2025-07-02 15:20:00+00:00,3.28,3.28,3.28,3.28,0.0,3.2752841677943167,,3.3042240717029445,"rgba(239, 83, 80, 1.0)",0.023495830567465733,3.290759004228849,-0.45791121101063853,50.720188665043686,6.316206266147972,False,True,False,True,False,0.0,3.2878,3.28785,0.0,0.0,0.0,0.0,0,0.5428571428571425,1.5485714285714292,False,False,False,False,-0.29510040387140185,-0.2908112675486929,False,False,False,False,393.0,464.0477959222979,False,False,False,False,21.755711563925942,False,False,False,False
2025-07-02 15:25:00+00:00,3.28,3.28,3.28,3.28,0.0,3.2752841677943167,,3.3042240717029445,"rgba(239, 83, 80, 1.0)",0.023305259816962697,3.290759004228849,-0.4616556225225212,49.197896417470695,4.753729905071097,False,True,False,True,False,0.0,3.2876999999999996,3.28565,0.0,0.0,0.0,0.0,0,0.4514285714285709,1.5485714285714292,False,False,False,False,-0.29510040387140185,-0.29295583571004735,False,False,False,False,393.0,462.9462797064483,False,False,False,False,21.418413710221664,False,False,False,False
2025-07-02 15:30:00+00:00,3.28,3.28,3.28,3.28,0.0,3.2752841677943167,,3.3042240717029445,"rgba(239, 83, 80, 1.0)",0.023106100750513725,3.290759004228849,-0.46563478386156537,47.95238457854734,3.457475954501291,False,True,False,True,False,0.0,3.2876,3.28345,0.0,0.0,0.0,0.0,0,0.4514285714285709,1.5485714285714292,False,False,False,False,-0.29510040387140185,-0.29402811979072463,False,False,False,False,393.0,461.86184126138704,False,False,False,False,21.086345280605823,False,False,False,False
2025-07-02 15:35:00+00:00,3.28,3.28,3.28,3.28,0.0,3.2752841677943167,,3.3042240717029445,"rgba(239, 83, 80, 1.0)",0.022898129275670566,3.290759004228849,-0.4698638958371387,46.93332943761005,2.372840443598953,False,True,False,True,False,0.0,3.2875,3.28125,0.0,0.0,0.0,0.0,0,0.4385964912280696,1.5847953216374275,False,False,False,False,-0.29510040387140185,-0.2945642618310632,False,False,False,False,393.0,460.79421581547405,False,False,False,False,20.759425198735965,False,False,False,False
2025-07-02 15:40:00+00:00,3.28,3.28,3.28,3.28,0.0,3.2752841677943167,,3.3042240717029445,"rgba(239, 83, 80, 1.0)",0.022681102980971354,3.290759004228849,-0.4743598332883298,46.09955704957045,1.4565660174689654,False,True,False,True,False,0.0,3.2874,3.2790500000000002,0.0,0.0,0.0,0.0,0,0.41520467836257247,1.5847953216374275,False,False,False,False,-0.29510040387140185,-0.29483233285123256,False,False,False,False,393.0,459.7431427020558,False,False,False,False,20.43757364526719,False,False,False,False
2025-07-02 15:45:00+00:00,3.28,3.28,3.28,3.28,0.0,3.2752841677943167,,3.3042240717029445,"rgba(239, 83, 80, 1.0)",0.022454759322184006,3.290759004228849,-0.4791413737496503,45.41737964117441,0.6744571907926087,False,True,False,True,False,0.0,3.2873,3.27825,0.0,0.0,0.0,0.0,0,0.41520467836257247,1.5847953216374275,False,False,False,False,-0.29510040387140185,-0.2949663683613172,False,False,False,False,393.0,458.7083652958224,False,False,False,False,20.120712038363823,False,False,False,False
2025-07-02 15:50:00+00:00,3.28,3.28,3.28,3.28,0.0,3.2752841677943167,,3.3042240717029445,"rgba(239, 83, 80, 1.0)",0.02221881355240795,3.290759004228849,-0.48422946632463243,44.85923448885038,-0.0004588312649431714,False,True,False,True,False,0.0,3.2872000000000003,3.2780499999999995,0.0,0.0,0.0,0.0,0,0.41520467836257247,1.5847953216374275,False,False,False,False,-0.29510040387140185,-0.29503338611635954,False,False,False,False,393.0,457.6896309501507,False,False,False,False,19.80876301451322,False,False,False,False
2025-07-02 15:55:00+00:00,3.28,3.28,3.28,3.28,0.0,3.2752841677943167,,3.3042240717029445,"rgba(239, 83, 80, 1.0)",0.02197295635120137,3.290759004228849,-0.4896475493276427,44.40257027331254,-0.5894105916196466,False,True,False,True,False,0.0,3.2870999999999997,3.2778500000000004,0.0,0.0,0.0,0.0,0,0.41520467836257247,1.5847953216374275,False,False,False,False,-0.29510040387140185,-0.2950668949938807,False,False,False,False,393.0,456.6866909354196,False,False,False,False,19.501650409637048,False,False,False,False
2025-07-02 16:00:00+00:00,3.28,3.28,3.28,3.28,0.0,3.2752841677943167,,3.3042240717029445,"rgba(239, 83, 80, 1.0)",0.021716851098228067,3.290759004228849,-0.4954219274325119,44.02893591514521,-1.109069021694289,False,True,False,True,False,0.0,3.287,3.27765,0.0,0.0,0.0,0.0,0,0.41520467836257247,1.5847953216374275,False,False,False,False,-0.29510040387140185,-0.2950836494326413,False,False,False,False,393.0,455.6993003782813,False,False,False,False,19.19929924049539,False,False,False,False
2025-07-02 16:05:00+00:00,3.28,3.28,3.28,3.28,0.0,3.2752841677943167,,3.3042240717029445,"rgba(239, 83, 80, 1.0)",0.021450130724755368,3.290759004228849,-0.5015822218944409,43.72323507664467,-1.572498283916346,False,True,False,True,False,0.0,3.2869,3.27745,0.0,0.0,0.0,0.0,0,0.41520467836257247,1.5847953216374275,False,False,False,False,-0.29510040387140185,-0.2950920266520216,False,False,False,False,393.0,454.7272182018738,False,False,False,False,18.90163568637918,False,False,False,False
2025-07-02 16:10:00+00:00,3.28,3.28,3.28,3.28,0.0,3.2752841677943167,,3.3042240717029445,"rgba(239, 83, 80, 1.0)",0.02117239406092884,3.290759004228849,-0.5081619111134668,43.47311620878059,-1.9899162753533233,False,True,False,True,False,0.0,3.2868,3.2772499999999996,0.0,0.0,0.0,0.0,0,0.41520467836257247,1.5847953216374275,False,False,False,False,-0.29510040387140185,-0.2950962152617117,False,False,False,False,393.0,453.770207066961,False,False,False,False,18.60858707108648,False,False,False,False
2025-07-02 16:15:00+00:00,3.28,3.28,3.28,3.28,0.0,3.2752841677943167,,3.3042240717029445,"rgba(239, 83, 80, 1.0)",0.020883201577083215,3.290759004228849,-0.5151989836968157,43.26847349870998,-2.369301669374522,False,True,False,True,False,0.0,3.2867,3.27705,0.0,0.0,0.0,0.0,0,0.41520467836257247,1.5847953216374275,False,False,False,False,-0.29510040387140185,-0.2950983095665568,False,False,False,False,393.0,452.82803331398486,False,False,False,False,18.320081845178162,False,False,False,False
2025-07-02 16:20:00+00:00,3.28,3.28,3.28,3.28,0.0,3.2752841677943167,,3.3042240717029445,"rgba(239, 83, 80, 1.0)",0.020582070392033025,3.290759004228849,-0.5227367326959315,43.10103855410675,-2.7168773879587818,False,True,False,True,False,0.0,3.2861000000000002,3.27685,0.0,0.0,0.0,0.0,0,0.41520467836257247,1.5847953216374275,False,False,False,False,-0.29510040387140185,-0.29509935671897936,False,False,False,False,393.0,451.90046690601605,False,False,False,False,18.036049568508734,False,False,False,False
2025-07-02 16:25:00+00:00,3.28,3.28,3.28,3.28,0.0,3.2752841677943167,,3.3042240717029445,"rgba(239, 83, 80, 1.0)",0.020268468388405417,3.290759004228849,-0.5308247284734994,42.964046326704114,-3.0374947160433194,False,True,False,True,False,0.0,3.2859000000000003,3.27665,0.0,0.0,0.0,0.0,0,0.41520467836257247,1.5847953216374275,False,False,False,False,-0.29510040387140185,-0.29509988029519063,False,False,False,False,393.0,450.9872813725894,False,False,False,False,17.75642089302798,False,False,False,False
2025-07-02 16:30:00+00:00,3.28,3.28,3.28,3.28,0.0,3.2752841677943167,,3.3042240717029445,"rgba(239, 83, 80, 1.0)",0.019941807231960013,3.290759004228849,-0.5395200196101557,42.85196177701105,-3.3349376503704633,False,True,False,True,False,0.0,3.2857,3.2764499999999996,0.0,0.0,0.0,0.0,0,0.41520467836257247,1.5847953216374275,False,False,False,False,-0.29510040387140185,-0.29510014208329627,False,False,False,False,393.0,450.08825375440966,False,False,False,False,17.48112754584925,False,False,False,False
2025-07-02 16:35:00+00:00,3.28,3.28,3.28,3.28,0.0,3.2752841677943167,,3.3042240717029445,"rgba(239, 83, 80, 1.0)",0.019601434034712647,3.290759004228849,-0.5488886277297689,42.76025623635308,-3.6121633220884775,False,True,False,True,False,0.0,3.2855000000000003,3.27625,0.0,0.0,0.0,0.0,0,0.3865030674846622,1.6134969325153379,False,False,False,False,-0.29510040387140185,-0.2951002729773491,False,False,False,False,393.0,449.2031645489149,False,False,False,False,17.21010231258027,False,False,False,False
2025-07-02 16:40:00+00:00,3.28,3.28,3.28,3.28,0.0,3.2752841677943167,,3.3042240717029445,"rgba(239, 83, 80, 1.0)",0.01924662132514187,3.290759004228849,-0.5590074251003484,42.6852244303602,-3.8714912844757947,False,True,False,True,False,0.0,3.2853,3.2760499999999997,0.0,0.0,0.0,0.0,0,0.3865030674846622,1.6134969325153379,False,False,False,False,-0.29510040387140185,-0.29510033842437544,False,False,False,False,393.0,448.33179765668365,False,False,False,False,16.943279020912357,False,False,False,False
2025-07-02 16:45:00+00:00,3.28,3.28,3.28,3.28,0.0,3.2752841677943167,,3.3042240717029445,"rgba(239, 83, 80, 1.0)",0.018876554884970295,3.290759004228849,-0.5699665163697556,42.62383477091148,-4.1147519836721855,False,True,False,True,False,0.0,3.2851,3.27585,0.0,0.0,0.0,0.0,0,0.3865030674846622,1.6134969325153379,False,False,False,False,-0.29510040387140185,-0.2951003711478887,False,False,False,False,393.0,447.473940328673,False,False,False,False,16.680592524464103,False,False,False,False
2025-07-02 16:50:00+00:00,3.28,3.28,3.28,3.28,0.0,3.2752841677943167,,3.3042240717029445,"rgba(239, 83, 80, 1.0)",0.018490318869420878,3.290759004228849,-0.5818722924590638,42.57360686772616,-4.3434027244117175,False,True,False,True,False,0.0,3.2848999999999995,3.27565,0.0,0.0,0.0,0.0,0,0.3865030674846622,1.6134969325153379,False,False,False,False,-0.29510040387140185,-0.2951003875096453,False,False,False,False,393.0,446.62938311427496,False,False,False,False,16.421978686875512,False,False,False,False
2025-07-02 16:55:00+00:00,3.28,3.28,3.28,3.28,0.0,3.2752841677943167,,3.3042240717029445,"rgba(239, 83, 80, 1.0)",0.018086877429122565,3.290759004228849,-0.5948513927299255,42.53251131057454,-4.558617817346331,False,True,False,True,False,0.0,3.2846999999999995,3.27545,0.0,0.0,0.0,0.0,0,0.3865030674846622,1.6134969325153379,False,False,False,False,-0.29510040387140185,-0.2951003956905236,False,False,False,False,393.0,445.79791981017763,False,False,False,False,16.16737436614876,False,False,False,False
2025-07-02 17:00:00+00:00,3.28,3.28,3.28,3.28,0.0,3.2752841677943167,,3.3042240717029445,"rgba(239, 83, 80, 1.0)",0.01766505177051628,3.290759004228849,-0.6090559126923276,42.498887672905035,-4.761358278590762,False,True,False,True,False,0.0,3.2845,3.2752499999999998,0.0,0.0,0.0,0.0,0,0.3865030674846622,1.6134969325153379,False,False,False,False,-0.29510040387140185,-0.2951003997809627,False,False,False,False,393.0,444.9793474100198,False,False,False,False,15.916717399231725,False,False,False,False
2025-07-02 17:05:00+00:00,3.28,3.28,3.28,3.28,0.0,3.2752841677943167,,3.3042240717029445,"rgba(239, 83, 80, 1.0)",0.017223491186446883,3.290759004228849,-0.6246703477466428,42.47137742390271,-4.952425387703755,False,True,False,True,False,0.0,3.2842999999999996,3.27555,0.0,0.0,0.0,0.0,0,0.3865030674846622,1.6134969325153379,False,False,False,False,-0.29510040387140185,-0.29510040182618225,False,False,False,False,393.0,444.17346605482567,False,False,False,False,15.669946586840535,False,False,False,False
2025-07-02 17:10:00+00:00,3.28,3.28,3.28,3.28,0.0,3.2752841677943167,,3.3042240717029445,"rgba(239, 83, 80, 1.0)",0.016760635993896,3.290759004228849,-0.6419210006569738,42.448869038355355,-5.1325015502582545,False,True,False,True,False,0.0,3.2840999999999996,3.2758499999999997,0.0,0.0,0.0,0.0,0,0.3865030674846622,1.6134969325153379,False,False,False,False,-0.29510040387140185,-0.295100402848792,False,False,False,False,393.0,443.3800789842082,False,False,False,False,15.427001678517426,False,False,False,False
2025-07-02 17:15:00+00:00,3.28,3.28,3.28,3.28,0.0,3.2752841677943167,,3.3042240717029445,"rgba(239, 83, 80, 1.0)",0.016612434288024603,3.290759004228849,-0.6476476621252822,42.43045308654388,-5.3021812170050495,False,True,False,True,False,0.0,3.2839,3.27625,0.0,0.0,0.0,0.0,0,0.3865030674846622,1.6134969325153379,False,False,False,False,-0.29510040387140185,-0.2951004033600969,False,False,False,False,393.0,442.598992488329,False,False,False,False,15.187823357920257,False,False,False,False
2025-07-02 17:20:00+00:00,3.28,3.28,3.28,3.28,0.0,3.2752841677943167,,3.3042240717029445,"rgba(239, 83, 80, 1.0)",0.01646043577633677,3.290759004228849,-0.6536281526832943,42.41538548960722,-5.461994052095719,False,True,False,True,False,0.0,3.284,3.27655,0.0,0.0,0.0,0.0,0,0.3788819875776392,1.6211180124223608,False,False,False,False,-0.29510040387140185,-0.2951004036157494,False,False,False,False,393.0,441.8300158606029,False,False,False,False,14.952353228340098,False,False,False,False
2025-07-02 17:25:00+00:00,3.28,3.28,3.28,3.28,0.0,3.2752841677943167,,3.3042240717029445,"rgba(239, 83, 80, 1.0)",0.01630453427236726,3.290759004228849,-0.6598780467518934,42.40305745574995,-5.612422092424993,False,True,False,True,False,0.0,3.2840999999999996,3.27685,0.0,0.0,0.0,0.0,0,0.3710691823899367,1.6289308176100632,False,False,False,False,-0.29510040387140185,-0.2951004037435756,False,False,False,False,393.0,441.07296135113614,False,False,False,False,14.720533798443352,False,False,False,False
2025-07-02 17:30:00+00:00,3.28,3.28,3.28,3.28,0.0,3.2752841677943167,,3.3042240717029445,"rgba(239, 83, 80, 1.0)",0.016315581454522523,3.290759004228849,-0.6594312472919388,42.39297088259401,-5.753912278146835,False,True,False,True,False,0.0,3.2842,3.27715,0.0,0.0,0.0,0.0,0,0.3710691823899367,1.6289308176100632,False,False,False,False,-0.29420448035653823,-0.2946524420500569,False,False,False,False,393.0,440.32764412088596,False,False,False,False,14.492308468234928,False,False,False,False
2025-07-02 17:35:00+00:00,3.28,3.28,3.28,3.28,0.0,3.2752841677943167,,3.3042240717029445,"rgba(239, 83, 80, 1.0)",0.016326345260054713,3.290759004228849,-0.6589964904866257,42.38471823183005,-5.886885443958839,False,True,False,True,False,0.0,3.2847999999999997,3.2774499999999995,0.0,0.0,0.0,0.0,0,0.38064516129032216,1.6451612903225812,False,False,False,False,-0.29327424965294613,-0.2939633458515015,False,False,False,False,393.0,439.5938821965311,False,False,False,False,14.267621515239037,False,False,False,False
2025-07-02 17:40:00+00:00,3.28,3.28,3.28,3.28,0.0,3.2752841677943167,,3.3042240717029445,"rgba(239, 83, 80, 1.0)",0.016336826249086868,3.290759004228849,-0.6585737073288869,42.37796606302317,-6.011742628132538,False,True,False,True,False,0.0,3.2853999999999997,3.2777499999999997,0.0,0.0,0.0,0.0,0,0.38064516129032216,1.619354838709678,False,False,False,False,-0.27686383946495025,-0.28541359265822586,False,False,False,False,393.0,438.87149642604226,False,False,False,False,14.046418080894245,False,False,False,False
2025-07-02 17:45:00+00:00,3.28,3.28,3.28,3.28,0.0,3.2752841677943167,,3.3042240717029445,"rgba(239, 83, 80, 1.0)",0.01634702496560727,3.290759004228849,-0.6581628309423292,42.3724415612721,-6.128869370366651,False,True,False,True,False,0.0,3.2859999999999996,3.2780499999999995,0.0,0.0,0.0,0.0,0,0.5728155339805818,1.9320388349514568,False,False,False,False,-0.2441500552009683,-0.2647818239295971,False,False,False,False,393.0,438.1603104349408,False,False,False,False,13.82864415715945,False,False,False,False
2025-07-02 17:50:00+00:00,3.28,3.28,3.28,3.28,0.0,3.2752841677943167,,3.3042240717029445,"rgba(239, 83, 80, 1.0)",0.016356941937615114,3.290759004228849,-0.6577637965509403,42.367921514384854,-6.238638521322152,False,True,False,True,False,0.0,3.2865999999999995,3.2783499999999997,0.0,0.0,0.0,0.0,0,0.5728155339805818,1.4271844660194182,False,False,False,False,-0.2441500552009683,-0.2544659395652827,False,False,False,False,393.0,437.46015058323627,False,False,False,False,13.61424657332752,False,False,False,False
2025-07-02 17:55:00+00:00,3.28,3.29,3.28,3.29,1.0,3.27529954954955,,3.2866666666666666,#000000,0.01636767854345457,3.2866666666666666,0.203653396813955,46.600109390637634,-4.821110036004725,True,False,False,False,True,0.0,3.2873999999999994,3.27875,0.0,0.0,0.0,0.0,0,0.5809523809523806,1.4,False,False,False,False,-0.23046613760516352,-0.2424660385852231,False,False,False,False,394.0,436.786349799,False,False,False,False,13.418676859012365,False,False,False,False
2025-07-02 18:00:00+00:00,3.29,3.29,3.29,3.29,0.0,3.27529954954955,,3.2866666666666666,"rgba(38, 166, 154, 1.0)",0.016378133081771107,3.2866666666666666,0.20352340017577564,50.06280856211718,-1.4705810099061267,True,False,True,False,True,0.0,3.2881999999999993,3.2791499999999996,0.0,0.0,0.0,0.0,0,0.6,1.4,False,False,False,False,-0.17111017839148068,-0.20678810848835188,False,False,False,False,394.0,436.12299553855036,False,False,False,False,13.21063535732225,False,False,False,False
2025-07-02 18:05:00+00:00,3.29,3.29,3.29,3.29,0.0,3.27529954954955,,3.2866666666666666,"rgba(38, 166, 154, 1.0)",0.01638830609237996,3.2866666666666666,0.20339706340262367,52.895926066055,1.2020190468752148,True,False,True,False,True,0.0,3.2889999999999997,3.27955,0.0,0.0,0.0,0.0,0,0.8181818181818185,1.5454545454545456,False,False,False,False,0.019413792255270953,-0.09368715811654046,False,False,False,False,394.0,435.4699258402782,False,False,False,False,13.005819305270741,False,False,False,False
2025-07-02 18:10:00+00:00,3.29,3.29,3.29,3.29,0.0,3.27529954954955,,3.2866666666666666,"rgba(38, 166, 154, 1.0)",0.016398198099238284,3.2866666666666666,0.20327436668107138,55.21393129654957,3.337404058450005,True,False,True,False,True,0.0,3.2884999999999995,3.2799499999999995,0.0,0.0,0.0,0.0,0,0.9692307692307699,1.215384615384615,False,False,False,False,0.0945659960935074,0.00043941898848346567,False,False,False,False,394.0,434.8269812536072,False,False,False,False,12.804178695886698,False,False,False,False
2025-07-02 18:15:00+00:00,3.29,3.29,3.29,3.29,0.0,3.27529954954955,,3.2866666666666666,"rgba(38, 166, 154, 1.0)",0.016407809610584134,3.2866666666666666,0.20315529083072656,57.110481030590584,5.047900195525763,True,False,True,False,True,0.0,3.2879999999999994,3.28035,0.0,0.0,0.0,0.0,0,0.9692307692307699,1.0307692307692302,False,False,False,False,0.0945659960935074,0.047502707540995434,False,False,False,False,394.0,434.1940048000628,False,False,False,False,12.605664297500857,False,False,False,False
2025-07-02 18:20:00+00:00,3.29,3.29,3.29,3.29,0.0,3.27529954954955,,3.2866666666666666,"rgba(38, 166, 154, 1.0)",0.016417141119070736,3.2866666666666666,0.20303981729567347,58.662203540260506,6.422993424714377,True,False,True,False,True,0.0,3.2875,3.28075,0.0,0.0,0.0,0.0,0,0.9692307692307699,1.0307692307692302,False,False,False,False,0.0945659960935074,0.07103435181725141,False,False,False,False,394.0,433.5708419349455,False,False,False,False,12.41022764172565,False,False,False,False
2025-07-02 18:25:00+00:00,3.29,3.35,3.29,3.35,1.0,3.2753733693207376,,3.3105,"rgba(38, 166, 154, 1.0)",0.017821183871885526,3.3094166666666673,2.277252377007147,64.74344707426414,12.201122036663506,True,False,True,False,True,18.017049698216486,3.2882,3.2817499999999997,0.0,0.0,0.0,0.0,0,0.9740259740259746,0.8701298701298694,False,False,False,False,0.34282726687354687,0.20693080934539915,False,False,False,False,395.0,432.97284438556653,False,False,False,False,12.233324887590367,False,False,False,False
2025-07-02 18:30:00+00:00,3.35,3.35,3.35,3.35,0.0,3.2753733693207376,,3.3105,"rgba(38, 166, 154, 1.0)",0.01929780830577297,3.3094166666666673,2.1030022005759164,69.71900996572165,16.807318204889157,True,False,True,False,True,18.017049698216486,3.2889,3.2827499999999996,0.0,0.0,0.0,0.0,0,1.1298701298701306,0.8701298701298694,False,False,False,False,0.3428275490280258,0.27487917918671245,False,False,False,False,395.0,432.3841181160228,False,False,False,False,12.04366093584478,False,False,False,False
2025-07-02 18:35:00+00:00,3.35,3.35,3.35,3.35,0.0,3.2753733693207376,,3.3105,"rgba(38, 166, 154, 1.0)",0.020637803151495326,3.3094166666666673,1.9664560726460973,73.78992505873235,20.486035716900034,True,False,True,False,True,18.017049698216486,3.2895999999999996,3.28375,0.0,0.0,0.0,0.0,0,1.1298701298701306,0.8701298701298694,False,False,False,False,0.3428275490280258,0.30885336410736913,False,False,False,False,395.0,431.8045193855419,False,False,False,False,11.856937510482846,False,False,False,False
2025-07-02 18:40:00+00:00,3.35,3.35,3.35,3.35,0.0,3.2753733693207376,,3.3105,"rgba(38, 166, 154, 1.0)",0.021866301359308195,3.3094166666666673,1.8559761281281784,77.12067377119564,23.43222082079791,True,False,True,False,True,18.017049698216486,3.2903,3.28475,0.0,0.0,0.0,0.0,0,1.1298701298701306,0.8701298701298694,False,False,False,False,0.3428275490280258,0.32584045656769745,False,False,False,False,395.0,431.23390668189006,False,False,False,False,11.673109021948228,False,False,False,False
2025-07-02 18:45:00+00:00,3.35,3.35,3.35,3.35,0.0,3.2753733693207376,,3.3105,"rgba(38, 166, 154, 1.0)",0.023001175058135592,3.3094166666666673,1.7644026112039128,79.84583180866561,25.801012123709754,True,False,True,False,True,18.017049698216486,3.2910000000000004,3.2857499999999997,-1.0,3.35,3.35,0.0,0,1.1298701298701306,0.8701298701298694,False,False,False,False,0.3428275490280258,0.33433400279786163,False,False,False,False,395.0,430.672140686822,False,False,False,False,11.492130587499418,False,False,False,False
2025-07-02 18:50:00+00:00,3.35,3.35,3.26,3.26,0.0,3.2753733693207376,,3.3105,"rgba(38, 166, 154, 0.75)",0.023243133249288707,3.3094166666666673,-2.126075952697979,71.98959842783773,26.51831397236093,True,False,True,False,False,0.0,3.2899000000000003,3.28585,0.0,0.0,0.0,0.0,0,0.9157894736842105,0.8947368421052626,False,False,False,False,0.047177468002141565,0.1907557354000016,False,False,False,False,395.0,430.119084242065,False,False,False,False,11.313958020251365,False,False,False,False
2025-07-02 18:55:00+00:00,3.26,3.26,3.26,3.26,0.0,3.2753733693207376,,3.3105,"rgba(38, 166, 154, 0.5)",0.023475691855812407,3.3094166666666673,-2.105014283292884,65.5617711162513,20.629989970926403,False,False,True,False,False,0.0,3.2890999999999995,3.2859499999999997,0.0,0.0,0.0,0.0,0,0.9157894736842105,1.0842105263157895,False,False,False,False,-0.24023147509645193,-0.024737869848225166,False,False,False,False,395.0,429.5746023158314,False,False,False,False,11.138547818387002,False,False,False,False
2025-07-02 19:00:00+00:00,3.26,3.26,3.26,3.26,0.0,3.2753733693207376,,3.3105,#000000,0.023699127592584496,3.3094166666666673,-2.085168176491447,60.30263967949874,15.914947969952735,False,True,False,False,False,0.0,3.2883,3.2860499999999995,0.0,0.0,0.0,0.0,0,0.9157894736842105,1.0842105263157895,False,False,False,False,-0.24023147509645193,-0.13248467247233855,False,False,False,False,395.0,429.0385619698495,False,False,False,False,10.96585715453604,False,False,False,False
2025-07-02 19:05:00+00:00,3.26,3.26,3.26,3.26,0.0,3.2753733693207376,,3.3105,"rgba(239, 83, 80, 1.0)",0.023913696177417208,3.3094166666666673,-2.0664587481601426,55.99971395851938,12.125699380679102,False,True,False,True,False,0.0,3.2875,3.2861499999999997,0.0,0.0,0.0,0.0,0,0.9157894736842105,1.0842105263157895,False,False,False,False,-0.24023147509645193,-0.18635807378439523,False,False,False,False,395.0,428.5108323269061,False,False,False,False,10.795843865318428,False,False,False,False
2025-07-02 19:10:00+00:00,3.26,3.26,3.26,3.26,0.0,3.2753733693207376,,3.3105,"rgba(239, 83, 80, 1.0)",0.02411963425837366,3.3094166666666673,-2.0488149255211643,52.479138368627176,9.065559680943707,False,True,False,True,False,0.0,3.2866999999999997,3.28625,0.0,0.0,0.0,0.0,0,0.9157894736842105,1.0842105263157895,False,False,False,False,-0.24023147509645193,-0.21329477444042358,False,False,False,False,395.0,427.99128453889205,False,False,False,False,10.628466441049925,False,False,False,False
2025-07-02 19:15:00+00:00,3.26,3.26,3.26,3.26,0.0,3.2753733693207376,,3.3105,"rgba(239, 83, 80, 1.0)",0.024317161107441844,3.3094166666666673,-2.032172524100457,49.59866743144265,6.578591729778566,False,True,False,True,False,0.0,3.2859,3.28635,0.0,0.0,0.0,0.0,0,0.9157894736842105,1.0842105263157895,False,False,False,False,-0.24023147509645193,-0.22676312476843774,False,False,False,False,395.0,427.4797917553433,False,False,False,False,10.46368401560729,False,False,False,False
2025-07-02 19:20:00+00:00,3.26,3.26,3.26,3.26,0.0,3.2753733693207376,,3.3105,"rgba(239, 83, 80, 1.0)",0.024506480113809233,3.3094166666666673,-2.0164734567010134,47.24191848283713,4.5414834253235625,False,True,False,True,False,0.0,3.2854,3.2862999999999998,0.0,0.0,0.0,0.0,0,0.9157894736842105,1.0842105263157895,False,False,False,False,-0.24023147509645193,-0.23349729993244484,False,False,False,False,395.0,426.9762290924697,False,False,False,False,10.301456356450588,False,False,False,False
2025-07-02 19:25:00+00:00,3.26,3.26,3.255,3.255,0.0,3.2753733693207376,,3.3105,"rgba(239, 83, 80, 1.0)",0.024737723317959478,3.3094166666666673,-2.1997443324609094,45.00342148629179,2.556054611011632,False,True,False,True,False,0.0,3.2849,3.2862,0.0,0.0,0.0,0.0,0,1.011627906976744,1.0930232558139534,False,False,False,False,-0.2569372831872307,-0.24521729155983776,False,False,False,False,395.0,426.4804736026639,False,False,False,False,10.141743854800191,False,False,False,False
2025-07-02 19:30:00+00:00,3.255,3.255,3.255,3.255,0.0,3.2753733693207376,,3.3105,"rgba(239, 83, 80, 1.0)",0.02496393795456079,3.3094166666666673,-2.1798110044062895,43.17192394366379,0.9089608910243356,False,True,False,True,False,0.0,3.2843999999999998,3.2861000000000002,0.0,0.0,0.0,0.0,0,1.011627906976744,0.988372093023256,False,False,False,False,-0.27378463303381845,-0.2595009622968281,False,False,False,False,395.0,425.99240424448305,False,False,False,False,9.98450751596608,False,False,False,False
2025-07-02 19:35:00+00:00,3.255,3.255,3.255,3.255,0.0,3.2753733693207376,,3.3105,"rgba(239, 83, 80, 1.0)",0.025185259524139532,3.3094166666666673,-2.160655387112856,41.67342595424088,-0.4725854318505327,False,True,False,True,False,0.0,3.2839,3.2858,0.0,0.0,0.0,0.0,0,1.0624999999999998,1.0124999999999997,False,False,False,False,-0.27378463303381845,-0.2666427976653233,False,False,False,False,395.0,425.51190185309576,False,False,False,False,9.82970894982707,False,False,False,False
2025-07-02 19:40:00+00:00,3.255,3.27,3.255,3.27,100.0,3.2741399128022195,3.265,3.265404225716689,"rgba(239, 83, 80, 1.0)",0.024909746997841188,3.2656269494596524,0.1755557991306229,42.117171222541586,-0.4725854318505327,False,True,False,True,False,0.0,3.2837,3.28565,0.0,0.0,0.0,0.0,0,1.037037037037036,0.9506172839506173,False,False,False,False,-0.25274800338464243,-0.25969540052498286,False,False,False,False,495.0,426.58923670808656,False,False,False,False,11.227697958356885,False,False,False,False
2025-07-02 19:45:00+00:00,3.27,3.305,3.27,3.305,100.0,3.276179596174283,3.279166666666667,3.279307468433411,"rgba(239, 83, 80, 0.75)",0.024653819396024002,3.2793814569889825,1.0391307975245898,45.10128889166446,-0.4725854318505327,False,True,False,True,True,1.51370151618746,3.2842000000000002,3.28585,0.0,0.0,0.0,0.0,0,1.0454545454545454,0.8749999999999999,False,False,False,False,-0.08268818916980632,-0.17119179484739458,False,False,False,False,595.0,429.2002562940077,False,False,False,False,12.604012718692438,False,False,False,False
2025-07-02 19:50:00+00:00,3.305,3.305,3.305,3.305,0.0,3.276179596174283,3.279166666666667,3.279307468433411,#000000,0.02437285449094936,3.2793814569889825,1.0511096687723156,47.542839711855905,-0.4725854318505327,False,True,False,False,True,1.51370151618746,3.2846999999999995,3.2860499999999995,0.0,0.0,0.0,0.0,0,1.1250000000000002,0.8749999999999999,False,False,False,False,0.03301162343780259,-0.069090085704796,False,False,False,False,595.0,431.7707949561161,False,False,False,False,12.40860166879023,False,False,False,False
2025-07-02 19:55:00+00:00,3.285,3.3,3.285,3.3,100.0,3.277987512007685,3.2844444444444445,3.2845228610053807,"rgba(38, 166, 154, 0.5)",0.024024762000697104,3.2845627550060015,0.6425555846734472,49.12077183305844,-0.4725854318505327,False,True,True,False,True,0.014910609043706557,3.2851,3.2862,0.0,0.0,0.0,0.0,0,1.0869565217391313,0.8804347826086956,False,False,False,False,-0.049540769854808264,-0.05931542777980213,False,False,False,False,495.0,432.75109270873446,False,False,False,False,13.766607844467899,False,False,False,False
